index,flow_name
"(33998934, 11097)",Flow_from_33998934_to_11097
"(33998934, 11098)",Flow_from_33998934_to_11098
"(33998934, 11272)",Flow_from_33998934_to_11272
"(33998934, 11273)",Flow_from_33998934_to_11273
"(33998934, 11274)",Flow_from_33998934_to_11274
"(33998934, 11275)",Flow_from_33998934_to_11275
"(33998934, 11276)",Flow_from_33998934_to_11276
"(33998934, 11277)",Flow_from_33998934_to_11277
"(33998934, 11278)",Flow_from_33998934_to_11278
"(33998934, 11279)",Flow_from_33998934_to_11279
"(33998934, 11280)",Flow_from_33998934_to_11280
