,447853,447850,447857,25452624,447858,25454349,447861,4401888,447856,447859,25455740,450779,451239,451238,25453172,447929,25450315,449510,25450651,447854,447416,448291,25455501,451357,25452702,25451098,452727,449124,25452857,450184,452278,452572,453006,452148,449507,450622,452578,25450655,25452361,452439,452438,452579,449790,452573,451653,25450652,448215,25451455,451859,25452309,449509,452997,25454933,25455470,25455471,452301,449246,447370,452571,452576,451631,452126,450275,451459,452269,452574,452575,25455109,25455387,453044,452437,451866,451655,451654,451656,451657,451658,449835,452728,449902,25452997,447469,25455511,25455728
10783,170.4576893314832,51.61585945868503,56.46135615921671,40.14587473460386,54.01095297807538,40.57627668421627,61.595611616987725,40.590500291256745,56.68965058063829,55.97020903101868,45.524316136790915,66.24249188453788,64.36195628005527,63.05358531191726,57.4194199824542,33.86987159447487,45.635695562416196,40.28114355973464,53.02415413253654,117.39087892575846,50.52979091056433,46.64020973587048,66.72105384411417,44.06252431762137,51.744791128925286,44.894526391771485,40.93671808494999,63.16616849223804,41.7066312924277,40.82495567977488,61.5044319514457,45.08705842686519,54.10140537442895,44.98577969462882,61.51775549774469,46.553453125077105,63.281994356655574,56.02625391819727,40.688483221810394,40.550975080818475,52.79247451049858,87.0299571139805,46.375594939360816,45.728441841622214,63.46903758960396,116.25156558617023,55.9962010832394,40.928806006914954,57.26046671580355,46.59871375726352,46.61459097910776,59.52490999782663,59.7663504580357,44.06103370873456,44.66712001423714,68.3024551580627,42.06986886326906,54.33190651993067,44.92195288414097,62.200832422070874,60.03981281373249,59.76710083965429,54.80875052399511,58.64832204473343,45.777267870764916,58.911193484156726,62.22255810993968,63.30275296541715,42.5844174092888,68.27155952182069,55.35965826294181,59.15305715341652,42.53423959072552,65.67612340130452,63.30393701127283,54.73725141036456,60.23619703588641,42.126209771957754,41.6189610664249,63.444771187940916,52.78440762444617,40.98412445733267,46.392553421921924,41.01352981266922
10784,167.91308460125106,53.60027005910853,52.92497939033135,43.692361356309654,53.672959110046335,43.915850227731646,62.22591859662882,43.93183450076165,56.14482842189175,56.25077474164791,48.763055568173954,67.73438751171815,64.94355908427336,63.33117205272879,61.550240556689324,20.13789937725266,48.26912572082069,44.757703084363726,44.030621421213844,146.44708711750252,52.573773036489044,48.2290902496461,68.56273138098356,46.876240110833,52.8178053856628,47.86785738732328,44.18570011497128,63.21356442373452,45.05687632430973,44.20608234166304,61.340837185933914,48.373147142071524,57.76551152915348,47.95425746597698,57.55837500305895,48.09262882359023,64.1138765506268,56.85048517958548,44.09500363662447,45.07797369275228,52.834085798599176,93.44038656534758,48.26732520907614,48.91242337402374,64.5824436199131,113.90792490963192,55.24232045330306,44.258561434026944,53.59297486170868,48.13442051036176,48.18437828002835,56.08692594324919,56.34452231344239,46.8760217388161,47.48994500712684,67.69294655502361,45.934647537722434,58.21899301996342,48.095057627635846,62.10549589588654,59.93217899012025,56.345790428613924,55.428346475642414,58.373928850642244,48.43777041344762,63.42292774736487,62.064388890572374,64.13158056784985,46.43938591455551,67.67126869968112,56.109809577216225,59.0985387660742,46.368647943019965,66.95441951101846,64.13313999179816,56.54931606317549,60.0050194588003,45.70934479988411,45.036826524353,64.27700616632454,52.826515757916766,44.38826207808246,47.913331201527676,44.09501639060541
10785,171.88219587980333,56.13018161050744,55.57053347392355,46.08227826674318,56.2866056484096,46.32119554417953,64.82647391883671,46.337186784778666,58.76716806237797,53.65887691246819,51.20569661837445,85.39353107785195,67.54913748711627,65.94299308598681,63.98972412033368,18.392721850878985,50.744274727014,47.09067723665824,41.593675863173445,150.11866983580302,55.09744387756603,50.75746143813075,86.41438745426919,49.33362956613882,55.38413199071175,50.321461332083686,46.59893097844321,65.83098095649109,47.46987080530379,46.610910468255334,63.96106896651751,50.810796171673424,60.22105467234608,50.408617455457254,60.19707412083976,50.62273186353558,66.71101865670005,59.43558405581267,46.497333061319296,47.40980305164786,55.435690631494225,96.45458376601276,50.78133995661646,51.35914485760952,67.17128332912598,117.21630778629283,57.8679102950631,46.66712168974307,56.23730676414351,50.66486146701017,50.71344933507254,58.73186497468613,58.989472517652274,49.333335883381075,49.950247780158755,85.40903862847425,48.31983377800251,60.662749357140726,50.53802169279549,64.7250252461553,62.54941641577129,58.990743774595465,58.017353236735595,60.993104621240974,50.91226478101798,65.84394632031518,64.68530250651236,66.7288409103864,48.828705951131894,85.3817410846884,58.69588487358228,61.71338722610304,48.75887197521459,69.54113470449258,66.73039098966157,59.09555966703845,62.62523456753042,48.11175057669913,47.445316131856096,66.87436303774709,55.42808997394923,46.792946067613705,50.443521565611924,46.51822751801017
10786,172.91036829636948,56.787938353648954,56.2558647632112,46.70752899108288,56.96442907620348,46.95006764402117,65.50103841740008,46.9660582093787,59.44704302576246,52.98874476777027,51.84286765928636,86.23053109760004,68.22488727043452,66.62027113224504,64.62517845933527,17.941940935938362,51.38925391255287,47.70222670463804,40.96762089546738,151.07295594649835,55.753750776995766,51.41512502638522,87.24781566493495,49.97450336780427,56.050654768523174,50.96133672270806,47.22963314803714,66.50961307670124,48.10039856816371,47.239618033121474,64.64039523969505,51.446812562996804,60.860637026579795,51.048664987291836,60.88070214831016,51.28081544082468,67.38473189517012,60.10650790215463,47.125464373800014,48.02102294102649,56.11065139081294,97.23936417792164,51.43558333510942,51.99727727221347,67.84297508219805,118.07332911687708,58.548569581602024,47.29670657939073,56.922333345534064,51.32302302654738,51.37128206695502,59.417040107019915,59.67465022309016,49.97419177983217,50.59175632292684,86.2623958249491,48.94362712571379,61.29944486700245,51.17533551147493,65.4041762413531,63.2280331015021,59.67592226412422,58.6892462170248,61.67220142782033,51.55707369837378,66.47478777820218,65.364787754558,67.40258259857686,49.45341447821753,86.23505000295863,59.367059233255574,62.3914368613066,49.38380561829576,85.26534437307754,67.4041303911842,59.757131031988855,63.30456736943041,48.73967429626351,48.0747766916082,67.54812627268052,56.10304355929879,47.42159340894255,51.1016363146648,47.151306546689206
10787,56.354282727066064,51.5336366772513,59.644291295868456,60.998410117200606,53.663005771260956,60.74332821633916,45.56752283280944,60.727341915642704,52.06555289605625,197.9544486854959,55.86693282719984,39.79351397644339,43.61877252646507,45.37404964935472,43.080650487796326,159.00741920956608,56.414120294445844,60.140530747238955,187.97475141393488,14.351105824627101,52.46434192587145,56.768703862761924,38.51464980031345,57.76568933092681,52.88485800989837,56.770221772090544,60.46135703487081,45.90596754520407,59.590731007668694,60.45418918186463,47.63459251865979,56.25579648812246,46.88754025040355,56.68479673876481,58.426075392656735,56.918877872826606,43.77334294194448,49.63688157151016,60.56974509494094,59.82896235284119,53.87693120836605,21.9569194976619,56.61174952734236,55.719836160411326,42.924229294332946,46.14974271558121,53.05805262101958,60.395451883195584,59.575834994851604,56.88117373085918,56.81912965533134,57.80039706478364,57.635755382553754,57.76580485443031,57.157126129910004,44.615170972674065,58.773112604249086,46.41452928893851,56.53493677866298,46.9641441694056,48.54944600707994,57.633905244700905,51.067473396758665,49.979174441747055,56.24408191347375,41.21677174261018,47.11482400281477,43.765214765047084,58.2581577299244,44.60247952027873,50.34607361342291,49.07742024411627,58.32635454202893,40.78986464314504,43.76336063660269,48.93193190026945,48.713874783292766,58.956637390834366,59.617669507462374,43.6482517795739,53.88259448523029,60.27238918093312,57.09542965131579,60.54086827470154
10788,23.45785964505227,116.99366097940681,111.39052173870334,155.51406722732432,113.14430332729509,154.77794607384126,104.22547015726731,154.75956256075938,109.79447387093525,264.99090852944096,147.94024087055442,99.63873774075624,100.884433956637,102.24502264681858,113.37135765625112,218.12471651067415,147.26436087830018,156.1313274934486,242.25548174159883,86.766776093522,118.30286357461868,145.1884628462785,99.59050493111778,149.58430197052712,116.3008883174147,148.5608405356596,154.2189350702269,101.98200268056792,153.2330556934143,154.46495219002895,103.92219173979908,148.57715128390552,116.03449064261919,148.4314521168545,105.45635801162267,145.28997794883057,102.37248369939685,111.02594888695654,154.6704265028382,155.8312804449695,114.7020954374416,103.06252936528703,145.72678940634427,147.6112608010974,102.41014628794598,51.53784443307744,110.65352486344155,154.28580132659755,110.50581550097682,145.2230827527846,145.21620795036176,107.42377226137815,107.10358686048505,149.587305162178,148.75340498387737,95.40599902762706,153.1773741827614,116.12498776936621,148.69670972359745,103.09501242863578,105.7387495298049,107.10215746000357,112.39921224304494,107.40575935509985,147.08882148304065,112.65371110747905,103.04365410200562,102.34531485673378,152.48220008410993,95.4474489713378,111.79138892802108,106.84458073439986,152.5292527917454,100.02332197135486,102.34423174516517,113.22527980632381,105.45905428067913,152.84957925221946,153.40468900132,102.18012269153101,114.71215054030998,154.26313457860329,145.51379869400571,154.00203384397227
10789,223.35980184080304,107.90437465964833,110.0463863863633,93.92740913564035,109.59263326389167,94.3975224332752,119.83894391674804,94.41652122909132,112.8531846314555,15.900422500892088,100.69123603472528,149.42589037020883,145.971328281399,121.46810781533567,116.04927733008275,33.67804847088635,100.5804530475908,94.42835186529534,24.151748964831995,195.32117152483877,106.55089799133765,101.35574802331564,150.35520619859946,98.64734002490626,107.59046144726824,99.77969973866006,94.82342057584071,121.46321176281084,95.85296246268872,94.73388570318606,119.22046336036439,100.15176145794659,111.72921431607446,99.89429088700345,116.00030241525903,101.21819142373438,122.09063067314065,112.8926778577048,94.56883080819249,94.78854247358375,108.29616030782965,158.86245773022162,101.17413296992798,100.93011956172853,122.48499988620247,190.1121156504829,111.82291066247704,94.8464359851113,110.92702670288809,101.27427645835151,101.31280252609804,114.01309461625013,114.33370698461543,98.64598570350435,99.42498456013229,151.0064568896673,96.51224893092031,112.0876541180121,99.89641916609635,120.14769605746928,117.4027156306095,114.3351608271816,111.22475471079326,115.52635248762864,100.77338531672721,118.01392735174501,120.13322044582331,122.11512848211788,97.16641850752198,150.96757227418394,112.00261483442954,116.31403593039252,97.09506827981306,148.43520678691155,122.11684175440085,111.78673058901802,117.56851698830441,96.48131140366927,95.7674791203225,122.29669159558523,108.28621131132721,94.94751884965206,101.00230956252106,94.85161219594465
10790,34.249898574970665,51.74595227283404,48.34446147821034,63.146596346624506,48.75702428402201,62.655950279647136,41.52946161317526,62.6436808022967,46.082641513951096,200.29142490862162,58.116205375554834,38.185774801417026,38.88029556905609,39.93521592216537,49.527413318944944,154.44049380228387,57.64868124711282,63.57475753309754,180.20020726357077,45.030546530101,52.78835334597739,56.27296963059403,38.336088104756485,59.193929669710755,51.18222073811805,58.51657421816838,62.28329763839514,39.72353249925277,61.626614540324674,62.447183827127745,41.29330016227007,58.5387640102387,51.28331669509463,58.430649119633856,44.04617796793525,56.34288745871398,40.08851634434984,46.95800550068241,62.584162567263206,63.37925022758022,49.966489527754156,44.66908962762015,56.624948154714716,57.89642259878829,40.173092197848746,11.764735483822895,46.81414094160874,62.32774312919846,47.72606021781907,56.298167946680486,56.29226140676169,45.22057011869259,44.963810267989906,59.195938542777576,58.64133978310084,34.479660276442715,61.60097303094747,51.42341233631806,58.61295727202829,40.62276536777159,42.75129016378471,44.96240952004547,48.06417254621991,44.11353084228597,57.53250446875356,49.26027342315946,40.585807304726345,40.06668894389419,61.14149298585281,34.51202901000711,47.57210105841691,43.63737586989539,61.171688881827755,38.386416561557624,40.06589856135034,48.75216084983863,42.53809201798328,61.37556007301658,61.74142645961904,39.93755191353809,49.97455417921673,62.312749372507,56.49373345655333,62.1395745253829
10791,49.655613616679005,64.2988495984664,85.5554880680466,90.48579461827323,65.56952507452635,90.12035536369048,57.057355893311914,90.10048166570394,63.64272758729018,218.8486416401337,69.1260163874593,51.181788722189715,54.731385650884455,56.51302905026598,56.39806998576344,179.0336462852604,69.54420333327572,89.58827272399121,207.73559258663107,15.179742634438977,65.29305470948553,69.64103937157955,50.07237899237023,86.21009577879583,65.37663719167996,69.98690318438256,89.74373887601745,56.92022832803962,88.66265035185562,89.76304121534555,58.78118784950799,69.53206763155194,60.09870081709264,69.89866177915903,68.37042662867026,69.78372721786482,55.15921068980611,61.74975683760429,89.91470707737847,89.20716119726961,65.99775492616425,41.65679142423162,69.5604222183467,68.96381780554506,54.43578392491624,46.83544566167043,64.64262904157702,89.67765630221128,85.29678577838251,69.74345570815767,69.68827159822251,68.17867877523724,67.98061598461959,86.21058514938277,85.43551899683693,54.438120251879724,87.74345701897009,59.693922379726814,69.79127782236772,58.04703081762132,59.904109779122344,67.97876976660513,63.2068679317104,61.4332812323748,69.37638478488657,54.661502269115644,58.16711552434019,55.14691697530538,87.09168843856746,54.43618124616193,62.48613743432976,60.557133221531394,87.17308087277193,52.11932301844087,55.14510961905546,61.48471969287551,59.995033014025864,87.91245700225646,88.71188403554991,55.01395150859046,66.00420318923987,89.53780262786927,69.96267270035844,89.8080485822765
10792,55.47709505068105,62.354658068302236,69.93284575307922,87.28833558976622,64.30382066072877,86.97538793717358,56.05035933511774,86.95540130286126,62.60254726359352,213.77842900195543,66.71326736553199,50.20787266573359,53.95428572182704,55.729672454142325,53.927960107655345,175.2424658128423,67.263423671265,86.18482157803358,204.23749839990478,13.285322733060859,63.293852614399185,67.60533814415584,48.981765972102835,68.61398040580721,63.66345326873616,67.61820419965754,86.6256400938471,56.21716381154176,85.53706088108372,86.61365508314833,58.00472388049293,67.10104485839935,57.73680884943618,67.53288733582895,68.36073534279342,67.7549040022873,54.210793753766254,60.3234582834985,86.7572028264276,85.79369602472181,64.57518698269297,38.74914161246862,67.4543797885089,66.56693918808611,53.40147693459488,50.58073953034431,63.600538044065765,86.54159058980085,69.8109762033536,67.71694124956502,67.65549897658576,67.91567156878818,67.73662317902071,68.6140876608472,68.00579051433826,54.410609313192154,69.60207329409386,57.26239057733409,67.3812494537124,57.30713362053226,58.99866445902414,67.73476702787556,61.764300984609854,60.46831638230989,67.09338977296693,52.055399251647444,57.44703912524544,54.201131795059304,69.0883728353599,54.40276202658447,61.041381535653876,59.57173427003214,69.15697651475915,51.18911309382237,54.19928443704022,59.71592273626163,59.13784861982635,69.79205277472022,85.56907224030061,54.0777935999441,64.58105844580342,86.38627494155534,67.9317678405377,86.72825962882638
10793,67.13004270303557,22.961872569690776,14.202989954491589,36.942754272368504,18.824904080140648,36.41586228854469,20.281165484205452,36.41099845679545,17.896871071787572,151.81926119853475,34.039150962553116,23.31602429553471,20.768009028931104,19.795391982875916,35.587043138439356,89.08555497911235,32.832589079098646,38.33978154853803,110.03335685172314,63.80735706236796,23.24152223536781,23.655723738633306,24.244668381016538,33.85439393274912,21.509370117245943,33.7748154416376,36.09388291259873,19.323251962773856,35.86118387259126,36.34873978106434,18.5837896809984,34.29218248758149,33.72835927641688,33.72812064348571,10.924902764788918,23.628318925053243,21.04404408975773,20.435515578176624,36.4566511641452,38.314804240325635,19.720935352467787,45.38050799676892,24.09772710219231,33.85709465271071,21.699081782326694,45.14192223668398,17.67740973313119,36.21845049628364,13.651145788816368,23.6087464519673,23.642409512511435,12.501171727284255,12.40655221023555,33.85727848588889,33.59746944747573,19.55372617271894,36.55108920454708,34.39126056604121,34.138423848157224,18.832520481750116,18.563459856829596,12.406852744509905,20.20473885553837,18.209988587200925,32.82384334608808,37.183398130749325,18.70199756323786,21.04219240111894,36.32235149235818,19.559987996068504,20.363098554117006,18.64053462246941,36.30602774445666,22.66772371051183,21.043278519151606,22.331775745350587,18.321177164473895,36.04582079859375,36.01106921243677,21.082626414461114,19.723942195326686,36.30268258843394,23.66350044991453,35.80722525941876
10794,60.872597561991576,21.574437051408225,18.10462343575469,37.783142926410726,18.475894641060464,37.25914523953668,15.944155398843161,37.24934114304544,16.732054081083824,160.30582506391528,33.42002673485118,17.699188619590874,15.480337810092907,14.96495213121759,23.404492345377506,97.20219172155619,32.59466206943488,38.63672016865414,119.17220107745648,54.40942481316113,22.139744192424118,23.827821566044232,18.600871926824567,34.00637012632589,20.65977616458577,33.546523512270895,36.89193780788579,14.487943874842234,36.37940815518111,37.09875710167615,14.604945289656005,33.79104668116071,23.057845738889526,33.47273085427525,16.099796910037494,23.849426390056287,16.0821682107118,18.265951877286156,37.229510246987516,38.508657721775535,19.393450594900983,36.95780765545041,24.156812397210356,33.20365169798884,16.675318310088297,38.724314836053196,17.07439373396302,36.97016177015705,17.798381868725,23.821669601695064,23.83158860073254,16.21226427845444,16.056756605747303,34.008849613652146,33.54816866679248,13.312078463616645,36.6573250008492,23.389765677406125,33.766728808908056,14.474307131023938,15.296196970589385,16.055596074705786,18.655538194388065,15.80104240788809,32.517630762854864,24.131327523079772,14.360194438395286,16.07394733130908,36.27789817670411,13.321186437394543,18.50422015076262,15.7755575002537,36.28886261024854,17.126954325655955,16.07464729940745,20.04304509190888,15.050158302903728,36.29999929487688,36.5137004410079,16.07023027819902,19.39857390370367,36.994563807360464,23.931588375694282,36.68616916359723
10795,152.05669788888633,39.20020336880546,45.152250384072815,21.808508147428704,41.865326923003835,22.0989236365613,49.23437006417495,22.1083065696477,44.543343996469716,68.2379516600144,33.08739676301212,53.812422541570335,51.991800024136225,50.72131778138725,45.09219406614706,42.98149643983536,33.213649841080255,21.911278418828495,62.64097876569941,102.39840954501749,38.115629738240706,34.29889664684043,54.28443155697794,31.63971765205783,39.40760575402264,32.46221187103744,22.340504298744964,50.860876254652496,22.849054122352143,22.262848461413796,49.24059810770473,32.65013901616284,41.708058212869474,32.55334430055984,50.21877260544458,34.21941179950282,50.89512738754206,43.68037278325234,22.17168220555637,22.095023817155717,40.5953318324119,59.55466676512194,34.00376257048131,33.29158494133456,51.06176882767654,101.02042729164134,43.9020741337308,22.333007489070063,45.9741318741546,34.264498671229276,34.27593776264328,48.094205618515694,48.324043508851396,31.638172580811492,32.24093672956198,56.052517037362826,23.090889547661916,41.95978456195586,32.48571445483019,49.92158526447222,47.780676570923035,48.3245999621887,42.49777184820144,46.4293458805265,33.3532546998303,46.64792588975084,49.951994766581436,50.91604534949124,23.434736759176545,56.020467915983474,43.027552752120805,46.89431293302709,23.400800948385374,53.25479538570749,50.91719493138512,42.31882782992477,47.99400005778455,23.126194866385205,22.789684304291395,51.05723339908795,40.58730035158658,22.368031890115827,34.06305445484979,22.397258193110666
10796,153.48214796669157,40.023938709854164,46.50215218975251,22.336942925320812,42.94057970878261,22.64302312943088,50.130517263374365,22.651973616087233,45.61263605839986,67.8132462412197,33.81845296456458,54.57631184281553,52.87399955237927,51.646948274822016,45.564056130385296,43.34897020540746,34.03331707432382,22.328427122868064,62.99101025125621,102.68692757288206,38.94485911640502,35.246266870619266,55.00327525693141,32.46147743732763,40.34629588174546,33.24446186448624,22.8884836164343,51.81134804112555,23.37395915676083,22.79825935498122,50.22662180126604,33.38124142638174,42.27275828895152,33.33470558360277,51.560936210694706,35.174817277398255,51.75577919250452,44.60173345734939,22.706547174369874,22.50204509030199,41.64278156977511,59.82253886414063,34.91509751342601,34.02764913001029,51.88810456304639,102.28419619794661,45.00041778194022,22.872341943244553,47.32724693069169,35.21958203602697,35.22626436042089,49.4098868257073,49.63646380093943,32.459769929437996,33.04992510180297,57.04047109486217,23.553805383474135,42.49006099358321,33.23706297514386,50.894832586481385,48.772306758063486,49.63697180158171,43.45580987776102,47.45116800996131,34.16654025828815,47.055232056985936,50.93195186325686,51.776909687008654,23.891817266907758,57.007635949305545,43.96441919626152,47.88759160762148,23.860833564565358,54.04752344027806,51.778007451088236,43.130822612546716,48.99752691335148,23.619591756065823,23.308578663129044,51.91672747216831,41.634791280034555,22.898333861145765,35.02366456134065,22.961942003902628
10797,163.9308636684448,51.267987603372106,50.2685489423817,41.61132892620923,51.167385526206516,41.80940222299271,59.748364166731854,41.825341337020404,53.61578331889891,58.94609535969619,46.58703912082589,65.2980487676638,62.4537694689627,60.82704487046501,59.3657182552552,21.848350169036543,46.03908950736014,42.763782469407865,46.30473238862151,120.9373781061131,50.253714100592966,45.90450921273959,66.14939110116595,44.67837124245734,50.4166262952175,45.67488278306661,42.06584340905141,60.695581172741846,42.93567554889089,42.099864514260936,58.81602720282912,46.20593954245044,55.558096591596865,45.75989045980963,54.88326023977497,45.76497595066378,61.64333834318572,54.40860578086971,41.993069878551836,43.08506047898124,50.357746013603375,90.75292006479674,45.96896737629655,46.729435693504044,62.12967029347629,110.59557933425366,52.704505749379194,42.14617081884731,50.93129966104928,45.80609567484924,45.85854639983778,53.42752298214877,53.685156869128946,44.67828027953536,45.28624689350345,65.12622935239642,43.85646622808377,56.03039988177868,45.91948039670449,59.58233820469709,57.41549223654042,53.68643815223554,52.97880529627826,55.8526688464949,46.2086342869414,61.26629483872301,59.53760688610598,61.66077652693927,44.35365194544788,65.10507997897437,53.66620973280819,56.58812914033388,44.28160842767629,64.50537113245736,61.6623560724103,54.18465149534392,57.48059051618139,43.60404276505729,42.92298857992241,61.8059456038129,50.35025014169828,42.28190063594939,45.585703820334786,41.95896561865795
10798,166.54425854535674,48.86037381599863,54.29400583058082,37.35743523714135,51.47096427306984,37.801756970301575,58.90483129274672,37.81563173087629,54.15083320467729,58.9848272122903,42.70647789777365,63.45393151537315,61.66220162146964,60.38936476481107,54.4710677210683,36.59072871404234,42.870796785449116,37.40973408425222,55.899486868644125,113.58696786497536,47.77695532469745,43.966429484585234,63.9021594265411,41.29679669060724,49.07527328848975,42.10579746770633,38.166189950708386,60.52413410731122,38.917326762043835,38.043383454923685,58.89295961723826,42.26901447562108,51.19636530129825,42.196611212089294,59.36297979954126,43.88565934806726,60.56395726038558,53.349601846968206,37.906240137934674,37.672729596129216,50.221487954750394,68.5970290261929,43.67424098497433,42.91353466992226,60.72457638369795,113.06054644199521,53.48612715603022,38.15075575060163,55.10321650992923,43.930788433355694,43.94302310275549,57.316024822284746,57.55325899172985,41.29520328696201,41.89431866430904,65.70209287939011,39.23105668411387,51.410667469284306,42.11522634973193,59.578414279262134,57.43129391068335,57.55393394979719,52.160988238307716,56.06623295724926,43.00851662486496,55.93632838520392,59.60644379274506,60.584900385404126,39.7413191096521,65.67038640934875,52.69487183128914,56.54458728091215,39.69336577314318,62.90790131270752,60.586044233582925,51.97638237937117,57.63932677151695,39.311236957824974,38.82447441048673,60.725940544126935,50.21343823730507,38.198442833783304,43.728383345440605,38.25804091013272
10799,171.3508439774955,52.03903272497362,57.448895022601825,40.52882817107741,54.68022513222759,40.97791635170151,62.09876488377067,40.99166472375441,57.36009003318991,56.08143192669218,45.862919741937404,66.61754714809852,64.85388274190797,63.588136053913914,57.52634962875157,35.243120887299895,46.04813369026673,40.54007695304563,54.181262270643494,117.1801353703592,50.95672662278046,47.16566606340179,67.05195281608476,44.47442724445504,52.27440675306034,45.2748739837418,41.34352925654726,63.72624407040911,42.08759998757682,41.21694790051752,62.098638385380504,45.42556039032461,54.29442412373109,45.365480706763584,62.51553932057542,47.08587056748259,63.751348283752144,56.54694007077697,41.07963061931632,40.798428888724416,53.43015070188315,86.90170638846678,46.86838201104754,46.07123795419909,63.90446145258209,117.07136530519566,56.69508692226865,41.325521291503385,58.25557295862845,47.130971402395105,47.1426253011596,60.48210041641952,60.720391794380575,44.47280043315183,45.069323198251766,68.90844002607517,42.37895816173363,54.49460056201678,45.276927206091656,62.7829601981975,60.6373173908586,60.72108497456996,55.36303118689561,59.27419084698529,46.184509829613184,58.95835193950282,62.81163883675196,63.772336315616506,42.886643579103584,68.87666730440755,55.89432110305233,59.75066341006498,42.83990672396371,66.0794810846146,63.773469668497505,55.1525439017746,60.846277846836514,42.47066391715262,41.99278661625185,63.91310598199752,53.42210186586747,41.37043043618428,46.9291754498909,41.44012190459656
10800,171.35490646319832,51.99420369208298,57.60205491565293,40.47772329150249,54.71929108921244,40.9327338411146,62.07750395023344,40.94630979818133,57.39856195868329,56.33547323465358,45.79290742095919,66.55144185767276,64.82798509976533,63.57725534995111,57.374296165344525,35.829252932553246,46.00289299790827,40.44744996118695,54.71764678627971,116.87159419354553,50.91368772522563,47.158329092415464,66.97089845351432,44.43004019177796,52.26586696022302,45.21928318968141,41.29978797218763,63.724153266658874,42.03452283320016,41.16830278481738,62.10887424757388,45.35579560187421,54.171733295824836,45.30961242621632,62.671060295642626,47.08097684672567,63.718024817527095,56.53356561009219,41.03081604762852,40.701767410827784,53.458637085579284,86.6232665765066,46.85000617074418,46.00250061921953,63.85952488359347,117.10364276252074,56.743838186588,41.278380948491034,58.41129946886644,47.12599611163122,47.136189054960184,60.62307249692746,60.86012965785603,44.42836836910176,45.02125070923805,68.92100264583033,42.30151936193553,54.3618805311,45.212791149459704,62.78879244183327,60.649147192396235,60.86080146168749,55.36170403503975,59.29636234734658,46.13742408297293,58.78648658695701,62.81988166107389,63.739085373419684,42.80652206384478,68.888931001659,55.88601068019424,59.76281127815787,42.76096976578492,66.02307617655853,63.7402010772726,55.10370312071393,60.86242887279731,42.40499896384801,41.937376953358054,63.879388737665906,53.45059797710019,41.31973724693134,46.92582291210913,41.40300254076941
10801,181.5011919698613,58.89589189124136,63.77833006065423,47.39687945906303,61.3853572139016,47.83948182222667,68.91996692214943,47.85341301518121,64.06450629652693,49.326094844729504,52.74639720506753,89.36781275088099,87.10184511038645,85.48958730023331,64.42778673741068,31.845603902037542,52.907531446883986,47.43867018802619,49.54101166186314,148.8010119646997,57.811785847660076,53.97105124111577,89.92620543525214,51.33349039023826,59.07875871852592,52.14560195146578,48.20330833815383,85.64239828362984,48.95697699735589,48.082134318414354,68.86298905912011,52.30894181722869,61.20026909473252,52.236454322807084,68.82638832697704,53.88717243125861,85.73761990797449,63.35738949628068,47.9450591125986,47.69870544132388,60.16083758168201,95.44455600427622,53.691606651393975,52.953639166255286,85.94818302185443,148.56387075775672,63.37449498190019,48.18905128147252,64.5727911372501,53.932381257579955,53.94650998739618,66.85604214262426,67.09888500297049,51.331915667568744,51.93226956452219,92.08132153880567,49.268674346765806,61.40037977096424,52.155638390004015,69.55582331773093,67.39912805640338,67.09966208441013,62.15303397941127,66.0148332191302,53.045940649179414,65.8493330518075,69.57968954572324,85.76372087043923,49.77801281949694,92.04240580646939,62.69647581113657,66.51227850942261,49.73051922707289,88.68310372886621,85.76516830224394,62.01322557081521,67.59899015254427,49.35148126978327,48.86450452945047,85.94045996384268,60.15277338047347,48.237684613054824,53.7279371396996,48.29210661938545
10802,184.12929054499315,60.61795492104072,65.55538130559293,49.11250413536641,63.14590552238016,49.558623101243185,85.82071599713352,49.57246170741087,65.82532824778619,47.864186626438126,54.451845443512354,91.50637022238855,89.27005048385975,87.6670455133937,66.06964338640489,31.889218748014862,54.62806355995642,49.12797763548655,49.03777788685357,151.09168662544604,59.53466813873169,55.711509334583575,92.05197465990791,53.0541038478729,60.81988742869529,53.85988272559277,49.92337389939054,87.82499702807762,50.67192032730494,49.799386720085984,85.76769754751977,54.014460346790564,62.86802089105378,53.95058989983003,85.75384782018082,55.62873387554067,87.90063140724125,65.0970451990109,49.662172107347146,49.38524483988782,61.917533693757754,97.39861839332967,55.426688221538704,54.6599468598349,88.10292941532278,151.2041084584586,65.13838454749933,49.907195260420636,66.34966978055147,55.6739177275766,55.68737859958847,68.63340185509236,68.87625787025678,53.05250318036427,53.65092863281515,94.27257945353281,50.9685759439365,63.05967340799211,53.86468753759137,86.63155742094979,69.15073000603759,68.87703516956708,63.89809787040377,67.77026489314758,54.76544620279803,67.47181937971592,86.66266777804931,87.92678580725632,51.47625163249858,94.23350812723098,64.43843286174342,68.26387053041067,51.42953297768989,90.82942008655287,87.92822124467382,63.733481504817824,69.35235445395608,51.05892192443764,50.57804639045237,88.10322537586646,61.9094713553347,49.953805890197636,55.47015635400288,50.01584628215257
10803,186.65100655982238,62.36187438548469,67.05834494304673,50.86627835389111,64.80321736948127,51.307358134775555,87.96866241400569,51.32133141979858,67.48142271689602,45.98469946262599,56.21879949250491,93.70599941204408,91.42278435380909,89.80112686758116,67.89364222291952,23.95647078774192,56.37452403256225,50.91307974547944,47.582886060984634,153.8967250575175,61.27735489617057,57.42288218477303,94.2676491331952,54.80050586194227,62.52951669743344,55.61535023296094,51.67073126059914,89.94744577641798,52.426580661754706,51.5508383808061,87.87431569876465,55.781336111265766,64.67300632081947,55.706254302573434,87.61951907418727,57.33779591195529,90.06288766131946,66.80951670722195,51.41382807328287,51.17312837483849,63.58764108464063,99.72422170857782,57.14870788508249,56.42583207050486,90.27902337999419,153.688740521926,66.78292385574836,51.657363506038216,67.8475532269439,57.38302937315231,57.39789695327352,85.18844064620053,85.49396324170867,54.798944143778975,55.40019774022588,96.37247398379678,52.74219146188006,64.87137293659691,55.62711864044,88.7438129928696,86.04369136538371,85.49497386538218,65.59886870290808,69.44373969679124,56.51343005682058,69.30733466317217,88.77162351532651,90.08894705645599,53.25175491100808,96.33383992152109,66.14608628672352,69.94817512793989,53.204158201156375,93.01826345990962,90.09040360913382,65.48006028973018,86.28964468500764,52.823468134664466,52.33463141360256,90.26590885125854,63.57957372673233,51.70685163037786,57.1778252537476,51.757609209381464
10804,190.21597025448526,64.69032361391334,69.48677044410155,53.18497507561334,67.19174999747042,53.63110638458017,90.90698974700021,53.64494736206659,69.87063155582145,44.08930744203801,58.52312769726198,96.59634186548095,94.35734486773602,92.74988604466768,85.1359315748186,24.332698903714057,58.70050705087478,53.19494721456882,47.184145635738865,156.9753291180224,63.60696860383646,59.778561881250006,97.13935595771783,57.126539592807205,64.88659931817634,57.93227670478338,53.99582640638852,92.90427655241157,54.74436030837595,53.871888500943385,90.84119325477648,58.085762128177485,66.92418175717168,58.02297471176629,90.65600804276735,59.69515812394669,92.98950943166996,69.16459132787105,53.73467290201776,53.451173888129446,65.96958411370807,102.35618246628891,59.496218817680116,58.731382174420304,93.19324106804396,157.2733739794866,69.17743354680522,53.97969619663328,85.34545174041064,59.74035701290043,59.7542025049699,88.22238972582564,88.52770954147113,57.1249401915661,57.72342642134131,99.34352149415598,55.038712610594956,67.11081433105676,57.936562225185234,91.70722942795223,89.01133626215997,88.52871597033095,67.96226309030006,87.28002544394919,58.837927844644305,86.86963999519291,91.73709221536696,93.01565047887318,55.54594253652381,99.30463149377259,68.50467615912216,87.90277637139666,55.49943070810888,95.92001934545391,93.01708894848535,67.80595151530375,89.26088142334397,55.130593701374806,54.65040792647985,93.19216547072558,65.96151918581022,54.026289389957164,59.53618418244658,54.088018712523635
10805,196.1920136229896,68.77511307953856,88.99075139821683,57.284294831326406,86.43373437429631,57.72347972181866,95.9652189797455,57.73750504051303,89.77891904091514,39.90694159363298,62.64025350321422,101.72976699109257,99.42238203932632,97.78706836542666,90.37462040806396,23.857577667982845,62.789318351200336,57.3360933592641,44.64649402100507,163.3209853675685,67.69008023169748,63.81703078158766,102.2953782272228,61.21539230281594,68.92155695424563,62.03366769646493,58.086268514177426,97.92377228626047,58.84480128915345,57.967980099340046,95.83679845675961,62.202784961339965,86.36470841865923,62.12463361013482,95.26152258003175,63.73027302847189,98.06880530510703,89.00386401531173,57.831054712143846,57.59593951768267,69.94485756940063,107.63973910174182,63.550175983511174,62.847050706763206,98.29284309533917,163.19197767242053,88.89019370912604,58.07401520567792,89.96635765342661,63.775534857681336,63.791430449916874,92.88156626641633,93.18991628532847,61.213847375202825,61.81623109459312,104.32721995400125,59.16480057297867,86.60848222149178,62.04752736096621,96.71133134711799,94.00523767514814,93.19098684716106,87.47935808951036,92.25363579621526,62.92886157650093,92.12458359923833,96.73612508038799,98.09480392764517,59.674554631161456,104.28901791003405,88.17012436772247,92.89705657428844,59.62687242966816,101.03800098040385,98.0962734972205,87.36792804331938,94.24539038827884,59.244493409393776,58.75348965534174,98.27207727314975,69.93678737189268,58.124558635760685,63.569298080729745,58.17069785129311
10806,198.06188781962442,85.05525717548927,90.47350325745883,58.55656813547388,87.98724357076254,58.9944980804891,97.54183795958076,59.00855547562194,91.33142657263664,38.660215682452005,63.915370178512106,103.32063231139678,101.00022498042632,99.35936071119124,91.98167139435249,23.89678388239656,64.05942289753206,58.61531631996065,44.03570332159546,165.24456923409647,68.95890708076296,65.07751898391024,103.89025425023536,62.4855844648193,85.2262760749248,63.30606945586426,59.35692029111494,99.49242615047912,60.1171886125537,59.23964587000186,97.40058336475133,63.47790041899517,87.96824954718393,63.39707876399913,96.73697680727439,64.99010742362447,99.64951409779655,90.57878208186814,59.10277950855172,58.87571034463517,86.49001130045693,109.24702754275089,64.81369559746506,64.12191024758638,99.87747696074867,165.04989871070444,90.43797687371038,59.345360244031006,91.44626917841435,65.03537842850784,65.05167654433811,94.37005741574788,94.67907670416369,62.484049501685305,63.08710762617704,105.88805094790239,60.441551083205155,88.2134072415797,63.32160705917787,98.27684719278847,95.56876887578659,94.68016219068507,89.05000593279472,93.81300083975972,64.1993452850185,93.73298169169303,98.30057966211301,99.67548390448685,60.951700617555424,105.84999724873664,89.74331164107181,94.46073201052035,60.90382836159417,102.62603376676643,99.67695951810917,88.95497884439258,95.80693342038775,60.51919610926531,60.02634516594975,99.85289968789627,86.47992297121995,59.39660102493349,64.82874931871692,59.439942175619684
10807,199.64264617263962,86.31843417245261,91.86483863363956,59.55872069707218,89.31171998068693,60.000224768979194,98.82731918860138,60.014191911733185,92.6572607807116,37.992440787311025,64.90835804115903,104.5707461510185,102.2830928606722,100.6533690064228,93.15177953264775,31.662011594563126,65.06746127239253,59.593043256554196,44.29264509521865,166.49983914250845,69.97016992328076,66.10782841224696,105.12727864809806,63.49344258452448,86.5165735229168,64.3076385028731,60.36364777201098,100.79309214378152,61.11893383552226,60.243530100673624,98.70953366037858,64.47091129740923,89.16653193249432,64.39851556039588,98.13292505547813,66.02172265701722,100.92612183193644,91.86782190503887,60.106500499627316,59.85101299845857,87.80665277993167,110.33451427511675,65.83766220630739,65.11574803137319,101.14474694530598,166.64747109429715,91.7700898324478,60.35015319259497,92.83942544495544,66.06697448590921,66.08247192997638,95.75760430580245,96.06616724292405,63.49188066422562,64.09306352562041,107.2016295399069,61.428972276999005,89.40244531176631,64.31801685256139,99.5829298817971,96.87814942522233,96.06724248676944,90.34721796546053,95.12892849998461,65.20634612205629,94.88274222854507,99.60842483044821,100.95215644909612,61.93762837158693,107.16334511503025,91.03574989678184,95.76988992202571,61.89046788779338,103.8843341306418,100.95361835963766,90.21624430522168,97.11948246139511,61.51371373677349,61.02669693820661,101.12924644275483,87.79656543228293,60.399390259449255,65.8611222149632,60.450440922103745
10808,207.3610142301269,92.88176986538811,97.98610192085407,64.82432073202901,95.72899718463664,65.25996011119321,105.34550444419547,65.27407647046817,99.06970791979337,32.84771308055818,85.23453442935961,111.15540055840911,108.80671360043445,107.151920398031,99.82398169408116,32.73015099162196,85.40364043347289,64.892587532026,42.173590759936886,174.53094018103712,91.52452064328675,86.64949181975177,111.73166770285762,68.74931507884989,93.0251306128326,69.5738752595428,65.6216779632005,107.2753495196479,66.3850813377478,65.506285622538,105.17037639126072,69.7501649337195,95.81629433359616,69.66495840735567,104.22136627708214,86.53823990346083,107.46293405673376,98.378676508743,65.36953185623587,65.15340546742578,94.24756449986727,117.03284340824212,86.32874296946092,85.4922156189721,107.69977488365552,174.31416293020072,98.16240515478961,65.61141021060246,98.94859769206096,86.5948511853594,86.61645409227538,101.90070198773962,102.21189624245741,68.74779950435034,69.35212355919688,113.64869161500899,66.7161507231906,96.06043423032219,69.59225903262517,106.05134191726445,103.33804507815144,102.21303257083314,96.83911509204084,101.57076194483078,85.57945565230409,101.56649514009172,106.0721427787289,107.48883517365809,67.22678738309608,113.61106544927077,97.53890278308396,102.23052626778363,67.17868083229828,110.4553801539282,107.4903248883049,96.78274003715492,103.57062278380847,66.79090046878446,66.29505443921002,107.66657661444248,94.23747603120792,65.66391110613856,86.33538347298649,65.70196843638391
10809,212.82216427009598,97.70832337328622,102.1403343322903,68.7259714501081,100.30135454139433,69.1494904998415,110.07791469177185,69.16388457819964,103.63100816933525,22.25788368921636,90.14045671900654,116.01327898421265,113.54662987827172,111.8481232440343,104.91469146415882,33.0249510286986,90.24851244391432,68.86741045075041,39.56785720801558,180.92198854373214,96.34923021380591,91.39221633095569,116.63227745934603,88.2844792094733,97.75058518367568,89.33999528994917,69.50746426012667,111.94326445917316,85.35770765523439,69.40151464720304,109.80388222768106,89.59406064510496,100.8379013290894,89.45426631014065,108.32432480869029,91.2747630192596,112.22814769568943,103.10338374918241,69.26545804975991,69.13474874524562,98.85886492022472,122.29088284326947,91.10197407206988,90.39458984506011,112.49962155308033,179.70378870561268,102.69356939460546,69.50355414778474,103.08578812907146,91.3313928322784,91.35686543604244,106.07766546366184,106.39188276665548,88.28269999080119,89.04508503835412,118.25295310340432,85.82646801149693,101.10595960795938,89.38359028969494,110.69675961913093,107.97151234717013,106.39309765637003,101.53215875710711,106.17627813717563,90.42850356464092,106.70335889849639,110.70969890613482,112.25378187561823,86.46967280722633,118.21643650171805,102.25079341313304,106.86617108892268,86.4069629200566,115.2854667790929,112.25532269643487,101.61246524870515,108.18948999369202,85.89290203565278,85.25088179667641,112.43262886064237,98.8487855050373,69.56249008077371,91.06847131727822,69.57507677305999
10810,216.54006741210947,100.22408015671917,106.11287395040611,85.82844521984882,103.43121162879991,86.39708247127618,112.81081208158476,86.41407910412633,106.77970668265465,23.78067098561656,92.4600867082007,118.40805923555378,116.25490204968357,114.66749882264415,106.62901896307825,39.13416681613474,92.73490457365139,85.7458873116883,45.80797212960186,181.76192710401335,98.87313942556177,94.13881357516152,118.90701787893984,90.76868154788284,100.5248241983494,91.75401233394352,86.85564062625396,114.83096364632704,87.77404989140146,86.69180738880667,112.77665666163966,91.91411843752695,102.78607419706834,91.86680636433442,112.38221470375589,94.03705988687003,114.87445080496266,105.86830609661068,86.51994760674164,86.05478389642107,101.90286039423428,146.0102296859674,93.7726437506178,92.72339798020246,115.05581743071488,183.6030758388973,105.91085164321362,86.82936346350824,107.08813423755241,94.09349805423872,94.10930465588612,110.0034687943017,110.31170782299684,90.76659935666821,91.50799062741272,121.28137006567817,88.08807191460188,102.97784837199696,91.74077158922749,113.64003618358835,110.9473938774904,110.31277573327372,104.37778515130962,109.22014041802534,92.9032029125262,108.25425631973549,113.67150057317215,114.900724116241,88.71508521037349,121.24233384277838,105.04900939606908,109.83881953577419,88.6599606641078,117.75677554776472,114.90213165820454,104.11090308305629,111.19908837633268,88.23046190802832,87.65197332570867,115.07644079848835,101.89278016372359,86.88098589632305,93.83980071254335,86.98218056159388
10811,223.97549248280788,106.15652385386223,113.37625429410863,91.79438951226082,109.93306970305984,92.39502884546745,118.8752014793529,92.41089448898443,113.27937882378636,34.03016786319602,98.26357088396811,146.92774476576028,122.27644624587431,120.80637479340504,111.70805130901402,47.04886752007131,98.69870417737987,91.46051541067506,52.914749035506645,186.2527352934437,104.82365347583354,100.34171783938751,147.37810675251313,96.74784965133038,106.70623471913939,97.6561023952659,92.85965794062777,121.0355668132792,93.71588557590165,92.66720796326982,119.07457888574983,97.72296011255493,108.13321995932839,97.7664438229672,119.69364676897631,100.25580398796912,120.84231267217768,112.00513287224557,92.4953583577595,91.74128691698196,108.33304097177003,151.1324028853281,99.90570036307203,98.53352458037072,120.93352608035349,191.29364690098788,112.48044722110792,92.81303223725085,114.37351879142406,100.31160402426421,100.31803775470459,117.20642970261424,117.50785621131382,96.7454930260862,97.45983009229242,151.1093943961191,93.87624414193743,108.245895134537,97.58752311106404,119.90484270417393,117.25825398743726,117.50878633486282,110.60218357741124,115.60594666694293,98.854179852154,113.15186012911022,119.95406848234974,120.86907347442072,94.48115822639615,151.05983100577322,111.2233110855606,116.15275485283668,94.43401005459467,146.24237253689955,120.87034183034537,109.9987396562959,117.54102766136809,94.09132309082705,93.58024958123055,121.04074456309985,108.32302541542856,92.84286074366615,100.06877001291193,93.02535894162371
10812,226.99059750581185,108.66985605710833,116.80156451713125,94.40101611071496,112.82586415682248,95.0198834967173,121.43249581285791,95.03489448365802,116.15901563633439,38.06524274061108,100.72549659702572,149.67328631251362,147.7519287748377,146.09119153384222,113.62006794076625,51.74660177472674,101.26728551617813,93.89992548631274,57.85261626674551,187.31461911969808,107.35502414895453,103.06599551363736,150.02042073494775,99.33663913019319,109.3884393239589,100.18793564484545,95.48602323814131,146.42038110984583,96.29542364104279,95.2752784550343,121.79396216596382,100.19125881544772,110.24067545658494,100.29605552629623,145.76432273717688,102.99135755144539,145.99167945424725,114.63624199072589,95.1044015366046,94.16016330878107,111.18158249445041,152.70713457723016,102.58407678548826,100.99858955231257,146.02600012780374,194.53763942638128,115.41195333179213,95.42588132342428,117.81203107211117,103.04646425364471,103.04642798474161,120.57690524662786,120.87254267156352,99.33410804329247,100.02643645185627,154.3530149627749,96.35113946784746,110.2996037336925,100.08218319604873,145.11817235524688,119.9924495440168,120.8733698386658,113.29912559121446,118.39797254245956,101.41327451426571,114.93642453608543,145.1919724772668,146.02409560946816,96.93780085956838,154.30167058534164,113.88323463571912,118.89269620979827,96.89628836022574,149.05622708330256,146.02549717314793,112.46592255079553,120.29606728642595,96.61405802246075,96.15136302343312,146.22608760695482,111.17164956053874,95.4407978489497,102.81220684499942,95.67734587476306
10813,231.23773074946456,112.23660008804838,120.57632414959139,98.0020701926416,116.48773615654714,98.62518789750585,148.00546260095666,98.63996748297313,119.81628978153735,39.15283739685711,104.28335525886983,153.86520380394597,152.0232678907621,150.39140683944663,117.00471849522411,54.65925830974147,104.85351038800121,97.45687686133722,60.067678931006796,190.89549580515734,110.92744391837626,106.69136050438512,154.18129937271868,102.92949692490818,112.99954297162725,103.76510354535603,99.09137607083122,150.73489392835035,99.88800850154432,98.87605476435327,148.49057486494007,103.75124160428207,113.68904167049821,103.87255343383383,150.2961341453077,106.61960334372122,150.25291610231227,118.23131969236157,98.70555641417141,97.71127208166384,114.83350081245474,156.50682534073567,106.19806828436411,104.55711424120265,150.26608926374328,198.8548177259885,119.08196183930598,99.02778521583373,121.58899161385712,106.67450374934337,106.67284054352318,147.20818565150384,147.56150056848855,102.92692175730998,103.61297392493263,158.6817487187436,99.91577756133849,113.73138130250447,103.64941384183614,149.4475814035152,146.3342405971132,147.5624687653978,116.9120313609212,122.03272239487448,104.99688396771474,118.27846095745043,149.52517862753294,150.28540175905985,100.4970210010586,158.6299576826055,117.48624916280467,145.01686735496676,100.45707688076008,153.26846610449834,150.28676911378562,116.01779779892344,146.70481367591455,100.1913709569739,99.74184219223685,150.48618178980777,114.82359262394179,99.03881901852125,106.44253367044529,99.28913990182774
10814,224.8191133945955,109.89962125664749,111.11323609501008,96.12297351490481,111.20937223411782,96.56593458524476,121.60873497892142,96.58525031174857,114.42839661776812,16.146140281680854,102.86630456874947,151.7338032994344,148.0822513579034,145.80888374551373,118.4177346270801,33.49319673312526,102.66443762168046,96.75725521979638,21.841437139499483,198.52569464961658,108.55409120185699,103.28370384058651,152.73979388273278,100.75344728100735,109.4394048121074,101.91242045673825,96.98061920233116,145.75357460013322,98.0281748498151,96.90938525280619,120.85059187076111,102.33221765986711,114.00556308398546,102.0266054629786,116.95161936624943,103.13855689944374,146.6741668955068,114.69929227473474,96.7472867272031,97.12664084601012,109.97761843971146,161.99062393570813,103.14765657426508,103.09768573880571,147.20754685049522,191.57440060906075,113.36490699888064,97.01510629689821,111.9646711559753,103.194148234978,103.23784622889455,115.07354111869134,115.3952624840977,100.75227634570057,101.53442791088929,152.84911666151615,98.76395143398145,114.40202798451831,102.05921466277,121.78863714816053,119.04536035120745,115.3968030932898,112.99813426971598,117.14292246523473,102.86185939985386,120.45456592288672,121.76298470292916,146.7029007479935,99.41954041933953,152.81237017172148,113.79725018180014,117.96750513293595,99.34489564561802,150.69645249170753,146.70503631152764,113.7575910226636,119.18925412186447,98.69227737345055,97.95202956370645,146.92143291936333,109.96776567516025,97.12706322389538,102.91978519689125,96.98530301233849
10815,220.5816582365454,105.88900462370667,107.66625657730401,92.0000812774317,107.41652705695599,92.45747210620468,117.72864044879881,92.47662832673306,110.6613886179838,17.257766845351625,98.75661336982424,146.97454884133356,121.19545843191193,119.33156163129904,114.21316429151722,24.299854381800017,98.60318402396832,92.56607882061806,22.888263884285603,193.3159278443884,104.53869858324477,99.30830364446103,147.93810915961208,96.67964397548535,105.51056301801046,97.82481627341714,92.87823483236801,119.30973696850212,93.91668963106484,92.79732409710759,117.05236868742823,98.21951179079032,109.84655145196785,97.93925682028382,113.58318045463965,99.16735325236515,119.9955548340082,110.79617501944722,92.63360864240693,92.93096931153725,106.14598997798991,156.81129461377708,99.14687128712036,98.99202532097117,120.41148518915304,187.3313197008817,109.61767086942066,92.90668123639291,108.53725201142454,99.22324020986062,99.26405862254641,111.6319023089475,111.95297826321148,96.67837440360809,97.45911403143431,148.3617763081239,94.61289664227917,110.22371455102973,97.95571969970904,117.98420757412158,115.23923487336428,111.95446200325718,109.11370138144459,113.35184118771443,98.79825630711211,116.21473641366715,117.96520219096692,120.01982316217223,95.26799079239638,148.3237242757951,109.90077319664292,114.15467484674245,95.19501808679398,145.96323059617836,120.02156505504692,109.76154508189192,115.39621547712207,94.56231506301489,93.83560890124977,120.20166098794756,106.13607747884451,93.01295904740732,98.95012458103253,92.8953820976834
10816,202.84692649018132,89.10329023358553,94.30145645516917,61.801468511235896,91.96839846521591,62.23704416775514,101.57008758142668,62.251160885380855,95.31016767652213,35.543818204418784,67.16529462986065,107.37681120175705,105.03081230207486,103.37872263890625,96.06453120690983,24.294169875568635,67.30002113393812,61.87255057606653,42.75466674565097,170.11312137398502,87.74607749907877,68.29929755321146,107.95393754378466,65.72641649146462,89.25052438740767,66.55101978367952,62.59876235687496,103.50429870415583,63.36223441584377,62.48338877173044,101.40248089494824,66.7278348209707,92.04678026758232,66.64210664617619,100.54748171737889,68.21058745361991,103.68590968747483,94.603917486834,62.346638347654455,62.13384999982256,90.48263719018696,113.31966550542465,68.04149897838397,67.37136198057483,103.92165440042153,169.8100641938688,94.40683499804165,62.58850048488644,95.26774519170546,68.25587360192698,68.27297410321292,98.20987542749907,98.5203128027112,65.72490046033174,66.32920717502145,109.88327721958673,63.69449049168944,92.29387917261684,66.5696583943477,102.28228962420266,99.57025362666865,98.5214310029034,93.06655833749666,97.8059231740112,67.44065694558316,97.8162692581817,102.30381597502318,103.71182099261381,64.20532213427148,109.84553744976004,93.76498797007827,98.46258824912928,64.15711750641836,106.67678290995678,103.71330864069253,93.00419819490328,99.80426277687125,63.76847200490764,63.27226035150556,103.88951548687967,90.47254854271786,62.64103717887654,68.04847510233674,62.679125331078936
10817,91.97592742414817,11.99329052932693,17.989515762149477,17.897192961852014,12.486374051846232,17.55535619706236,16.818668777236056,17.548051097192445,13.988668076487546,117.97022565217178,15.002011085902975,20.303843672155168,18.671747579726905,17.75137688599367,17.99653375434375,67.43606097525392,14.390273670988828,18.415318108451622,105.17409090715702,59.561306734222306,12.016757632500365,13.235994302826734,20.845650280944675,15.333106097795312,10.456199520463166,15.028710793787882,17.307529723741524,17.825893288196873,16.930521892420106,17.434408219923437,16.758244336353332,15.229166244045485,15.739904950492745,14.981229731304772,20.358607987489798,13.279226306350456,18.010502896485708,13.104782995411965,17.52368954206828,18.331143552044693,11.555178255072903,36.41899578470745,13.509692934122166,14.863133525074367,18.2453362617535,53.742855435279544,13.839819909406392,17.3505693175117,18.409237586585526,13.249526412711194,13.247309480789628,18.813810661302128,18.883937833286534,15.334722849999796,15.022959706331704,21.299842296826668,17.096514164841995,16.224927441703144,15.192003693545107,17.202044630691788,15.792841735192324,18.883490926565102,12.251532319626406,14.965507011925602,14.342970297697924,19.37681855984097,17.226744295704037,18.023524794508372,16.84902030555608,21.27778067238996,12.635107072052403,15.205511399960109,16.85475992879788,19.808785631791167,18.024443821849054,13.07048655425002,15.95473876767796,16.859056128371684,17.017299354645694,18.120415776304576,11.552086567715397,17.357168457118455,13.378994709565745,17.18951025999921
10818,176.39290852501583,59.02150716672587,58.57722503506219,48.84046883544949,59.26190002790501,49.09431188924866,67.78779515966856,49.11029451089059,61.75098457482518,50.72282340395939,54.01185788505127,89.06872363130482,85.64421748094082,68.91571948272968,66.78619352843346,16.4218406487188,53.5830924822662,49.79155882358952,38.86728538429928,154.3127480243604,57.98282723328748,53.64910234051958,90.07442211607115,52.15568024933229,58.31221540343128,53.13911231965601,49.379538146691665,68.80941888388884,50.249457364720605,49.38323955929824,66.942469849813,53.612241768776066,63.03551398200256,53.226964469565466,63.196610450006716,53.516140685025015,69.66868608014343,62.38183000888683,49.26731290503034,50.10917077552574,58.399049248823644,99.90727554262357,53.65873768201823,54.169278924199205,85.15050306485547,120.97614587177536,60.85503240550833,49.443070322262045,59.24272321494268,53.55858870963086,53.60580079431701,61.73789647232042,61.99551421531807,52.15531214897682,52.77478967347909,89.15339799331991,51.071134282827806,63.46498616291545,53.34494541987639,67.70567255813884,65.52786232211476,61.99678875594064,60.96774080501139,63.97360494748676,53.750337395298075,68.62064498889617,67.66735857720899,69.68662776677593,51.58363614312193,89.12589658579665,61.64322247865288,64.68946985748546,51.51476320557795,88.10979352158225,69.68816814444483,62.002574583369814,65.60669054860196,50.88030083133492,50.22047874770997,69.83223585676728,58.39141896033878,49.56496007781436,53.337086395860574,49.30871932417485
10819,187.27740255515312,66.04885035467973,65.83299641975745,55.62617481331262,66.45558543518305,55.90781008424208,91.18889039195417,55.92373365175524,68.96107321136921,43.6909691220876,60.878170730377455,97.96641885125804,94.61007175141957,92.62754462422764,89.5168606513514,11.97896759015497,60.51385571443437,56.46440399505591,32.5854800451834,164.50638171794049,64.9993738768562,60.68245433188021,98.9403531601238,59.056371764890294,65.4129504912031,60.02944898434838,56.20660396281504,92.50927387783116,57.07238418206366,56.19446649259037,90.18351843604664,60.47010861888749,69.90423523898161,60.11849475160455,85.5474720171292,60.55306931022416,93.53001860290898,69.51656216132218,56.07435591718687,56.778034283953694,65.56941358578692,108.33120486629234,60.6644208103329,61.043067586912805,94.07258716572179,154.05832804848137,68.07185824812044,56.2610642270516,66.49596620239586,60.59608848624225,60.640579595671575,68.99230774773034,69.2499412556881,59.055860341293176,59.67917656190569,98.19399953219998,57.83743339696329,85.38547320530864,60.214011839363366,91.13545115724591,88.40808534869163,69.25122232702392,68.11135986536154,86.47080703619065,60.67938128970744,91.75621846713713,91.09114963913039,93.55274525218599,58.355614952862496,98.16607917724882,68.78046072137954,87.35433738451754,58.28878176011463,97.02471204736412,93.55464534247452,69.05883963883298,88.51421165162942,57.680408196604816,57.03497825725547,93.73492475448451,65.56172757449947,56.37510557288234,60.37451443945622,56.15484773047601
10820,201.58397115845645,91.7026795423751,91.71334360028737,64.72981963711382,92.41539600409784,65.03647851910864,102.99290789714279,65.05229660205129,95.5666408910557,34.65013858977254,85.05422805769636,109.70918454664796,106.42490927686868,104.46050838446118,100.8924345427063,15.109269814989048,69.74183240663443,65.45902824758485,20.447253491735665,178.03615095284513,90.37917216199158,85.01051849577404,110.64942442262519,68.2587308074266,90.99881803289242,69.21970626918903,65.34702967091457,104.35723815246577,66.20632702588593,65.32010747365732,102.04011645149687,69.62816421148784,96.31679084738191,69.30969400167251,97.45146833375935,69.88262512041294,105.3228890836257,96.16683055176813,65.1964620046074,65.76762847876864,91.27953355869029,119.56056710232632,69.9639302392429,85.26888081699782,105.84248496837388,168.3677860746103,94.46371977966758,65.39283271556982,92.5389410111151,69.92613206192846,69.96796170420224,95.66072370106795,95.98277760784913,68.25808418389013,68.88365882537758,110.08554256912686,66.91546646509829,96.7890347142906,69.38344466999312,102.98972563598063,100.25783471890122,95.9843870246443,94.42238658428047,98.32663450042689,69.90537788489443,103.0723807623306,102.94909680676481,105.34591504966855,67.43738232842301,110.05718907241074,95.25035913526371,99.19855860735055,67.37270163852455,108.78585546369818,105.34778827293805,95.49707152849341,100.37161286789939,66.79097647052703,66.16109782603289,105.5281975672308,91.26986232251429,65.4991667440618,69.70478916567608,65.31325040456868
10821,188.9302726374972,67.12102788851092,66.93487361414697,56.66904788935524,67.54939507907343,56.95412420876708,92.55087577054222,56.97003633989019,85.07121230457619,42.631885312536845,61.9301674859165,99.32064190648022,95.97353047451821,93.99332030546968,90.82304600342083,11.531458253195071,61.574197784235544,57.49271729430712,31.685016231589135,166.06246543323127,66.07024342276388,61.75592889396679,100.29026444333466,60.11310350582521,66.4947262782969,61.084683655563644,57.254561676500686,93.87699653118679,58.11961301447901,57.240422013620545,91.55233394111487,61.521093771151335,86.19395365672895,61.17386698358288,86.92244705216896,61.627015494830125,94.89060798775473,85.75320457584633,57.11981170460324,57.805741357771595,66.66022086720808,109.62034508834111,61.73435199500035,62.09599748962459,95.43021170906842,155.7115508620379,69.16865014584114,57.30786029159746,67.59751413288078,61.67010331001639,61.71424132344637,85.11750349828228,85.43954739678479,60.11257386079309,60.736272540031365,99.5674178075367,58.87726544926811,86.69487798034147,61.266483558110615,92.50397624043978,89.77598261798515,85.44114980145599,69.19858525862338,87.83947171964985,61.73947720340133,93.0549313294359,92.46015229122844,94.91337396709083,59.396043262001456,99.53944140127984,69.86682251033915,88.72149545888672,59.329487232933246,98.3812807720506,94.91527061575066,85.16820336188272,89.88311027374228,58.72459040502421,58.08114520761014,95.09557091246089,66.65252789591382,57.42087952021026,61.4485432491946,57.20522942389352
Atmosphere,9.0,9.0,9.0,9.0,9.0,9.0,9.0,9.0,9.0,9.0,9.0,9.0,9.0,9.0,9.0,9.0,9.0,9.0,9.0,9.0,9.0,9.0,9.0,9.0,9.0,9.0,9.0,9.0,9.0,9.0,9.0,9.0,9.0,9.0,9.0,9.0,9.0,9.0,9.0,9.0,9.0,9.0,9.0,9.0,9.0,9.0,9.0,9.0,9.0,9.0,9.0,9.0,9.0,9.0,9.0,9.0,9.0,9.0,9.0,9.0,9.0,9.0,9.0,9.0,9.0,9.0,9.0,9.0,9.0,9.0,9.0,9.0,9.0,9.0,9.0,9.0,9.0,9.0,9.0,9.0,9.0,9.0,9.0,9.0
