,3672990.0,3673046.0,3673026.0,3673009.0,3673029.0,3672989.0,3673030.0,3673013.0,3673006.0,3673012.0,3673002.0,3673047.0,3673036.0,3673022.0,3673004.0,3673020.0,3672994.0,3673033.0,3673038.0,3673041.0,3672997.0,3673001.0,3672975.0,3673018.0,3672968.0,3672993.0,3673011.0,3673037.0,3673031.0,3672976.0,3673044.0,3672995.0,3673016.0,3672973.0,3673010.0,3673028.0,3673008.0,3672996.0,3673034.0,3673039.0,3673019.0,3672999.0,3672971.0,3672986.0,3673015.0,3672984.0,3673032.0,3673040.0,3672974.0,3672972.0,3672987.0,3672981.0,3672970.0,3673003.0,3673014.0,3672983.0,3672980.0,3672969.0,3672992.0,3672979.0,3672998.0,3673000.0,3673023.0,3673025.0,3673042.0,3673007.0,3672985.0,3673017.0,3673024.0,3673027.0,3673005.0,3672982.0,3673021.0,3672977.0,3672988.0,3672991.0,3672978.0,3673045.0,3673043.0,3673035.0
10201.0,458.48794673049997,235.5814620766,732.1628717305,418.1979317305,394.2370667305,742.8521717305,392.5696667305,434.6364467304999,522.3828167305,738.1261217304999,442.0960667304999,472.0648667305,461.9494967305,440.98314173049994,758.5597217305,758.3542967305,780.8359217305,472.0950917304999,219.4522862175,518.2978217305,545.1009917305,523.1686967305,722.7841667304999,495.4669667304999,624.8346917304999,570.9332717304999,522.4091717305,460.30137173049997,294.3765360766,486.1714217305,270.6718860766,480.3844667305,385.8744617305,418.29754673049996,479.92441673049996,435.05292173050003,462.8146217305,545.1009917305,319.19419807659995,279.07547407659996,389.53464173049997,380.6536217305,470.44767173049996,507.1482467305,407.9950367305,409.21018673049997,390.3087167305,366.52278607659997,733.6895417305,470.5935467305,403.7221967305,353.9526840766,578.6275217304999,459.3397217305,369.4977167305,418.2195317305,212.501188974,380.6536217305,484.10479673049997,733.6895417305,395.6026967305,366.52278607659997,360.5266800766,462.3724667305,438.83584673049995,350.6923667305,369.92982607659997,409.21168673050005,420.2998367305,328.05757807659995,404.4002717305,239.397728974,242.582948974,479.92441673049996,317.20159807659996,396.1959167305,300.7388880766,515.2791167304999,353.98999673049997,490.5116717305
10202.0,446.9434217305,212.152588974,703.2949967305,394.9265717305,381.8139467305,713.9820167304999,379.0249967305,405.7685567305,507.2449217305,709.2582467305,430.55154173049993,458.5201967305,450.4049717305,429.4386167305,729.6918467305001,729.4864217305,769.2913967305,460.55056673049995,171.3354362175,489.42994673050003,516.2308667305,508.03077173049996,711.2396417304999,491.90982173049997,613.2901967304999,557.3885717305,507.27132173049995,446.75667173049993,259.7324040766,457.30354673049993,236.0277540766,467.0124167305,372.32980673049997,395.0261717305,451.0565417305,421.5082667305,451.2700967305,516.2308667305,284.55273007659997,252.1088280766,375.9899717305,369.10914173049997,441.5797967305,478.27812173049995,396.0671717305,397.5105917305,376.76404673049996,331.88133607659995,704.8194167304999,441.7256717305,392.1777167305,319.3112340766,567.0829967305,430.4718467305,340.6275917305,404.67486173049997,213.4459612175,369.10914173049997,455.2369217305,704.8194167304999,382.0580417305,331.88133607659995,325.8852300766,433.50459173049995,425.29119173050003,366.18669007660003,357.3931140766,397.5120917305,408.75535673049995,293.4134280766,390.8556167305,200.90424897399998,204.089468974,451.0565417305,282.5574480766,383.7727967305,268.2998100766,501.7344467305,325.1198717305,461.6437967305
10203.0,222.1438362175,500.04027173049997,566.4968717305,336.05550007659997,277.1357580766,614.6272217305,316.7919900766,372.6198917305,281.5568280766,572.4601217305,219.89504897400002,235.78691407659997,208.252088974,219.55408897400002,589.3328717305,589.1274917305,378.3174167305,204.6048362175,512.3314217304999,310.52826007659996,501.82869173049994,275.52191407659996,364.3187400766,243.335388974,289.6208280766,296.9223300766,281.5884900766,274.16111407660003,443.0096717305,394.3927967305,529.2823217304999,292.9081140766,292.8298500766,336.2978340766,366.7564260766,307.2066300766,205.66892897399998,501.82869173049994,431.3298167305,426.0179417304999,289.3361040766,282.1423140766,372.4527167305,471.2356217305,269.5633200766,270.4990140766,303.1655760766,389.1371417305,621.7321217305,377.8509167305,266.31455407659996,400.32715673049995,201.478628974,368.3852867305,444.8796467304999,300.4812900766,457.4128967305,282.1423140766,392.3261717305,621.7321217305,294.6648600766,389.1371417305,394.1307617305,331.04691173049997,250.1018460766,438.9042467305,326.0469317305,270.38858407659995,247.11687007659998,529.0189667305,309.3800580766,512.0508467304999,492.7519217305,366.7564260766,520.8091967304999,282.3194340766,438.6028967305,258.0653700766,413.68183673050004,398.73306173049997
10204.0,222.1438362175,500.04027173049997,566.4968717305,336.05550007659997,277.1357580766,614.6272217305,316.7919900766,372.6198917305,281.5568280766,572.4601217305,219.89504897400002,235.78691407659997,208.252088974,219.55408897400002,589.3328717305,589.1274917305,378.3174167305,204.6048362175,512.3314217304999,310.52826007659996,501.82869173049994,275.52191407659996,364.3187400766,243.335388974,289.6208280766,296.9223300766,281.5884900766,274.16111407660003,443.0096717305,394.3927967305,529.2823217304999,292.9081140766,292.8298500766,336.2978340766,366.7564260766,307.2066300766,205.66892897399998,501.82869173049994,431.3298167305,426.0179417304999,289.3361040766,282.1423140766,372.4527167305,471.2356217305,269.5633200766,270.4990140766,303.1655760766,389.1371417305,621.7321217305,377.8509167305,266.31455407659996,400.32715673049995,201.478628974,368.3852867305,444.8796467304999,300.4812900766,457.4128967305,282.1423140766,392.3261717305,621.7321217305,294.6648600766,389.1371417305,394.1307617305,331.04691173049997,250.1018460766,438.9042467305,326.0469317305,270.38858407659995,247.11687007659998,529.0189667305,309.3800580766,512.0508467304999,492.7519217305,366.7564260766,520.8091967304999,282.3194340766,438.6028967305,258.0653700766,413.68183673050004,398.73306173049997
10205.0,161.8478862175,467.23824173049996,561.8401217305,296.6930460766,237.77330407659997,609.9705467305,277.42951807659995,339.8178467305,275.9687460766,567.8033717305,191.8204112175,225.778908974,175.7297112175,193.94348621749998,584.6761967305,584.4707717305,411.36558173049997,170.894217948,476.21791673049995,292.14144007659996,473.8879967305,269.93385007660004,353.31378173049995,219.5838112175,306.7182000766,291.33424807660003,276.0004080766,238.54514407659997,410.2076417305,366.4521467305,496.4802467305,259.04685607659997,253.4673780766,296.9353800766,334.2396960766,268.4254500766,172.50076121749998,473.8879967305,398.5277717305,393.2158967305,249.9736500766,242.7798600766,344.5120367305,443.2949717305,237.522048974,238.561728974,263.80312207659995,356.33509673049997,617.0753717304999,349.91023673049995,241.057888974,367.52509673049997,245.542868974,340.4446217305,412.0775717305,261.1188360766,421.2993917305,242.7798600766,364.38550673049997,617.0753717304999,255.30238807659998,356.33509673049997,361.3287167305,343.7274960766,224.063188974,406.1022167305,327.5870400766,238.439028974,219.727108974,496.2168917305,270.0176040766,479.2487717305,459.9498917304999,334.2396960766,488.00716673049993,242.9569800766,405.8008667305,252.4772700766,380.87979173049996,370.7923967305
10206.0,310.9814100766,421.3777967305,723.9576467305,361.7062667305,330.2324100766,775.6488467305,367.5842640766,426.89179673049995,421.37014673050004,729.9209717305,317.7306900766,360.4445717305,303.2211240766,318.82982407659995,750.3545717305,750.1491467305,599.3184917305,322.53651007660005,424.4461217305,417.31336673050004,586.8499217305,415.52416673050004,541.2667217305,324.7967160766,460.2180467305,443.5612217305,421.3965467305,363.1846967305,396.38548673049996,479.4139967305,450.61984673049994,391.4878217305,337.9881960766,361.8058667305,437.0785667305,356.75794673049995,305.7730200766,586.8499217305,394.8014417305,369.38859173049997,342.3803760766,315.89263807659995,463.69024673049995,556.2568217305,275.7259980766,272.5473780766,345.1217580766,368.3816867305,767.3893967305,462.2763917305,341.19685807659994,379.5717167305,397.1100617305,452.5822967305,463.2321467305,343.4118917305,369.5275667305,315.89263807659995,477.34737173049996,767.3893967305,349.6620960766,368.3816867305,382.4494667305,430.87482173049995,337.2124667305,448.07322173049994,267.88923007660003,272.6124480766,355.27341607660003,479.3792417304999,331.3311917305,430.93014173049994,413.5069667305,437.0785667305,471.1694717305,338.5045260766,391.9787117305,404.2338467305,433.7938217305,483.7542917304999
10207.0,318.32946007659996,417.02719673049995,723.2393717304999,364.5819167305,337.5804600766,774.9305717305,329.11026173050004,424.80250673049994,427.4935217305,729.2026217304999,325.07874007659996,366.5679467305,310.5691740766,326.1778740766,749.6362217305,749.4307967305,605.4418667304999,329.8845600766,420.09552173049997,423.43674173050005,586.1316467305,421.6475417305,547.3900967305,332.1447660766,466.3414217305,449.6845967305,427.51992173049996,369.3080717305,392.0348867305,478.6957217305,446.26924673049996,397.61119673049996,345.3362460766,364.6815167305,443.2019417305,362.88132173049996,313.12107007659995,586.1316467305,390.4508417305,365.0379917305,349.72842607659993,323.2406880766,462.9719717305,555.5385467305,283.0740480766,279.89542807659996,352.4698080766,365.7598667305,766.6711217305,461.5580717305,348.5449080766,376.9498967305,403.2334367305,451.8640217304999,460.61029673049995,349.5352667305,365.1769667305,323.2406880766,476.62909673049995,766.6711217305,357.0101460766,365.7598667305,379.82764673049996,430.15654673049994,343.33584173049996,445.45141673049994,264.74301007659994,279.96049807659995,362.6214660766,475.02864173049994,337.4545667305,426.57954173049995,409.1563667305,443.2019417305,466.81887173049995,345.85257607660003,387.6281117305,410.35722173049993,431.1719717305,483.03597173049997
10208.0,215.0935112175,477.10954673049997,525.8547167305,299.5734780766,245.54311207659998,573.9850967305,285.1993080766,342.2181917305,247.54026897399999,531.8179967305,219.5021112175,202.649328974,203.36020897400002,219.0759362175,548.6907467305,548.4853667304999,404.2695917305,197.34323621750002,486.7229717305,267.1257420766,465.65994173049995,240.834808974,346.2177917305,239.205848974,277.5357900766,248.15174407659998,247.57544897399998,235.18353607659998,420.0789617305,358.2240467305,506.3515967305,249.90805807659999,261.2371860766,299.81581207659997,323.3538900766,268.2290340766,223.30193621749999,465.65994173049995,408.3990917305,403.0872167305,257.74345807659995,254.6254440766,336.2839367305,435.0668717305,249.93108007659998,250.8668100766,271.57293007659996,366.2064167305,581.0899967304999,341.6821667305,249.691008974,377.39643173049996,239.706328974,332.21652173049995,414.4779467305,263.9992680766,431.2433717305,254.6254440766,356.15742173049995,581.0899967304999,263.0721960766,366.2064167305,368.0258717305,333.85377607659996,223.47140897399998,408.50256173049996,348.57077407660006,250.75636207659997,227.486488974,499.6205717305,272.8980180766,489.1201217305,469.82119673049993,323.3538900766,493.18209173049996,250.7267700766,415.67218673049996,221.438648974,383.2801367305,362.56429673049996
10209.0,214.3800862175,477.25171673049994,525.9601217305,299.7440460766,245.71368007659999,574.0904717305,285.36989407659996,342.3603467305,247.68078897400002,531.9233717305,219.7390112175,202.83884897400003,202.78946897400002,219.3128362175,548.7961217305001,548.5907417305,404.5584467305,196.6298112175,486.86514173049994,267.2963100766,465.8020667305,240.97534897399998,346.5066467305,238.635108974,277.6622580766,248.27823007659998,247.715988974,235.35410407659998,420.22111673050006,358.3661867305,506.4937217305,250.0786260766,261.4077540766,299.98638007659997,323.52447607659997,268.3996020766,222.5885112175,465.8020667305,408.54123173049993,403.22935673049994,257.91402607659995,254.7960300766,336.4260917305,435.20899673049996,250.10164807660001,251.0373600766,271.74349807659996,366.3485567305,581.1953717305,341.8242917305,249.880528974,377.5385717305,238.99998897400002,332.3586617305,414.62008673049996,264.16983607659995,431.38554173049994,254.7960300766,356.29954673049997,581.1953717305,263.2427640766,366.3485567305,368.1680117305,334.02434407659996,223.660928974,408.64471673049997,348.7413600766,250.9269300766,227.676008974,499.76274173049995,273.06860407659997,489.26224673049995,469.9633217305,323.52447607659997,493.3242467305,250.8973380766,415.8143417305,221.579148974,383.4222917305,362.7064667305
10210.0,418.6574117305,274.7614140766,745.3382717305,392.16486173050004,357.03309173049996,754.2073217305,366.53658173049996,442.6580717305,499.01337173049995,751.3015217305,402.26553173049996,441.58164173049994,416.1902717305,401.15262173049996,771.7351217304999,771.5296217305,741.0053717305,431.4887717305,247.738528974,488.19012173050004,556.4561717305,499.79926673049994,682.9536467304999,443.22091673049994,588.6160217305,540.4500467304999,499.0397717305,429.81814673049996,307.7237160766,499.3467917305,309.8518560766,459.09664673049997,355.3912367305,392.2644917305,467.32407173049995,409.0198217305,417.90057173049996,556.4561717305,333.4234860766,279.2204280766,359.0513867305,344.4349667305,483.62304173049995,518.5034417305,355.7490167305,356.9641667305,361.3358717305,360.35533807659993,745.0447217305,483.7689167305,367.5035417305,363.5746200766,538.7970167305,472.51509173049993,380.8528817305,392.1864467305,220.436208974,344.4349667305,497.28016673049996,745.0447217305,365.1194717305,360.35533807659993,326.03086673049995,457.7395217305,408.3526217305,362.04753173049994,307.2345840766,356.9656667305,384.08118173049996,367.2375300766,378.3671867305,274.2178140766,267.50462407659995,467.32407173049995,356.3815500766,362.4012617305,314.54114407659995,484.79589173049993,365.3451467305,503.68707173049995
10211.0,394.6691417305,315.57261607659996,749.6502467304999,390.9927617305,354.2542217305,776.3282717305,367.6357217305,451.2133967305,497.40852173049996,755.6135717305,379.4572967305,439.97679173049994,388.1463167305,379.0134467305,776.0471717305,775.8416717305,715.6385717305,403.4448167305,280.8302940766,486.5852717305,578.5771667304999,498.19441673049994,657.5867717305,411.9808667305,574.7690417305,538.8451967305,497.4349217305,428.21329673049996,334.2689280766,505.10659673050003,350.6630400766,457.49179673049997,353.7863867305,391.09239173049997,466.15197173049995,410.1189917305,389.8566167305,578.5771667304999,359.96868007660004,305.76560407659997,357.4465367305,342.12160673049993,489.3828467305,540.6244217305,327.7050467305,328.92018173049996,359.7310217305,330.26019173049997,767.1656717305,487.9689917304999,363.77806673050003,332.9429417305,513.4301717305,478.27489673049996,402.9738917305,393.2855867305,241.3964160766,342.12160673049993,503.0399717305,767.1656717305,363.5146217305,330.26019173049997,339.3282617305,456.5674217305,406.74777173049995,384.16854173049995,280.9015560766,328.9216817305,377.7856967305,356.7072617305,379.4663417305,315.0290160766,308.3158080766,466.15197173049995,347.6606117305,360.7964117305,341.0863560766,483.19104173049993,387.4661417305,509.44689173049994
10212.0,394.6691417305,315.57261607659996,749.6502467304999,390.9927617305,354.2542217305,776.3282717305,367.6357217305,451.2133967305,497.40852173049996,755.6135717305,379.4572967305,439.97679173049994,388.1463167305,379.0134467305,776.0471717305,775.8416717305,715.6385717305,403.4448167305,280.8302940766,486.5852717305,578.5771667304999,498.19441673049994,657.5867717305,411.9808667305,574.7690417305,538.8451967305,497.4349217305,428.21329673049996,334.2689280766,505.10659673050003,350.6630400766,457.49179673049997,353.7863867305,391.09239173049997,466.15197173049995,410.1189917305,389.8566167305,578.5771667304999,359.96868007660004,305.76560407659997,357.4465367305,342.12160673049993,489.3828467305,540.6244217305,327.7050467305,328.92018173049996,359.7310217305,330.26019173049997,767.1656717305,487.9689917304999,363.77806673050003,332.9429417305,513.4301717305,478.27489673049996,402.9738917305,393.2855867305,241.3964160766,342.12160673049993,503.0399717305,767.1656717305,363.5146217305,330.26019173049997,339.3282617305,456.5674217305,406.74777173049995,384.16854173049995,280.9015560766,328.9216817305,377.7856967305,356.7072617305,379.4663417305,315.0290160766,308.3158080766,466.15197173049995,347.6606117305,360.7964117305,341.0863560766,483.19104173049993,387.4661417305,509.44689173049994
10213.0,406.4725217305,733.4869217305,792.5762717304999,529.4626967305,481.0597667305,840.7066217305,514.1065967305001,605.3696717304999,477.37677173049997,798.5395217304999,423.36790673049995,440.65549673050003,414.3752717305,423.11218673049996,815.4122717305,815.2068467304999,464.2812167305,395.9491217305,745.7780717305001,502.9399667305,729.3284417305,472.3476467305,406.2294617305,440.68774673049995,375.13668173049996,438.9852917304999,477.40314173049995,475.8043967305,676.4563217305,621.8925467304999,762.7289717304999,488.5918967305,494.1381467305,529.6646717305,549.7967717305,503.3423417304999,412.4379167305,729.3284417305,664.7764217304999,659.4645467304999,491.22672173049995,485.2318967305,599.9524667305,698.7353717305,474.7493717305,475.52914673050003,502.7512667305,622.5837467305,847.8115217305,605.3506667304999,472.04209673049996,633.7737917305,334.14719407660004,595.8850217305001,677.6294417304999,499.81752173049995,690.8595467304999,485.2318967305,619.8259217305,847.8115217305,495.6673217305,622.5837467305,627.5773967304999,558.5466467305,455.75502173049995,671.6540717304999,559.4935667304999,475.43712173049994,456.04399673049994,762.4655717305001,507.2331917305,745.4974217305,726.1985717304999,549.7967717305,754.2558467304999,485.37949673049997,672.0495467305,457.8005417304999,646.4316467305,626.2327967305
10214.0,,,,,,,,,,,,,,,,,,,,,,,,,,,,,,,,,,,,,,,,,,,,,,,,,,,,,,,,,,,,,,,,,,,,,,,,,,,,,,,,
10215.0,501.2273717305,286.8687900766,774.9022967304999,460.9374167305,436.97652173049994,785.5915217305,435.30912173049995,477.37587173049997,565.1222717305,780.8655467304999,484.83552173050003,514.8043217305001,504.6889217305,483.7225967305,801.2991467305,801.0937217305,823.5754217304999,514.8345167304999,237.2929740766,561.0372467304999,587.8404167305,565.9081217304999,765.5236217304999,538.2064217304999,667.5741467304999,613.6726967305,565.1486717304999,503.04079673049995,345.66384607659995,528.9108467305,321.95919607659994,523.1239217305,428.6139467305,461.03701673049994,522.6638417304999,477.7923917304999,505.5540467305,587.8404167305,325.40127173049996,330.3628200766,432.2740967305,423.39309173050003,513.1870967305,549.8876717305,450.73449173049994,451.94964173049993,433.0481717305,364.8417917305,776.4289217305001,513.3329717305,446.4616667305,354.3666917305,621.3669917305,502.0791467305,412.2371417305,460.95897173049997,252.53839807659998,423.39309173050003,526.8442217305001,776.4289217305001,438.34216673049997,364.8417917305,359.84500673049996,505.11189173049996,481.57531673049994,393.4317917305,367.6809917305,451.95114173049996,463.03929173049994,332.7874217305,447.13974173049996,276.7452840766,279.61198207659993,522.6638417304999,368.48892607659997,438.9353717305,352.0262160766,558.0185717305,396.72942173049995,533.2511417305
10216.0,506.71816673049995,293.4577080766,780.3930467305,466.4281667305,442.46727173049993,791.0823467304999,440.79987173049994,482.86662173049996,570.6130217305,786.3562967305,490.3262717305,520.2950717305,510.17974673049997,489.21334673049995,806.7898967305,806.5844717304999,829.0661717305001,520.3252967305,243.88189207659997,566.5279967304999,593.3311967305,571.3988717305,771.0143717304999,543.6971717305,673.0648967305,619.1634467305,570.6394217305,508.53154673049994,352.2528000766,534.4015967304999,328.5481500766,528.6146717305,434.1046967305,466.52776673049993,528.1545917305,483.28314173049995,511.0448417304999,593.3311967305,330.8920217305,336.95173807659995,437.7648467305,428.8838717305,518.6778467305,555.3784667304999,456.22524173049993,457.4403917304999,438.53892173049996,370.3325417305,781.9197467304999,518.8237217305,451.95244673049996,359.8574417305,626.8577417304999,507.56989673050003,417.7279217305,466.4497217305,259.12733407659994,428.8838717305,532.3349717305,781.9197467304999,443.83291673049996,370.3325417305,365.33575673049995,510.60264173049995,487.0660667304999,398.9225717305,373.1717417305,457.4418917305,468.5300717305,338.2781717305,452.63049173049995,283.3342200766,286.20090007659996,528.1545917305,329.2315217305,444.4261217305,358.6151160766,563.5093217305,402.2202167305,538.7418917304999
10217.0,161.9040112175,467.2719167305,561.8737967305,296.73345607659996,237.81371407659998,610.0042217304999,277.4699280766,339.8515067305,276.0091380766,567.8370467305,191.87653621750002,225.82380897400003,175.7858362175,193.9996112175,584.7098717305,584.5044467304999,411.3992567304999,170.984017948,476.2515917304999,292.18185007659997,473.9216717305,269.9742420766,353.34745673049997,219.6399362175,306.7586100766,291.3746580766,276.0408180766,238.58555407659998,410.24131673050005,366.4858217305,496.5139217305,259.08726607660003,253.5077880766,296.9757900766,334.28010607659996,268.4658600766,172.5568612175,473.9216717305,398.5614317305,393.2495567305,250.01406007659997,242.8202700766,344.5457117305,443.3286467305,237.56694897399998,238.60662897400002,263.84351407659994,356.36875673049997,617.1090467305,349.94391173049996,241.10278897400002,367.5587717305,245.587748974,340.4782967305,412.1112467305,261.15924607659997,421.33306673050004,242.8202700766,364.41918173049993,617.1090467305,255.3427980766,356.36875673049997,361.3623917305,343.7679060766,224.108088974,406.13589173049996,327.6274500766,238.483928974,219.77200897400002,496.25056673049994,270.0579960766,479.2824467305,459.98356673049994,334.28010607659996,488.04084173049995,242.9973900766,405.8345417305,252.5176800766,380.9134667305,370.8260717305
10218.0,220.82548621749999,482.1073217305,524.5799717304999,305.5707540766,251.54038807659998,572.7103217305,291.1966020766,347.2159217305,245.840588974,530.5432217304999,202.72642897400002,209.312988974,207.945768974,202.385468974,547.4159717305,547.2105917304999,399.4941467305,203.0752112175,491.7207467305,265.4890740766,471.3832967305,239.13514897399997,341.4423617305,245.15334897399998,269.4551040766,246.6220500766,245.87578897400002,241.1808300766,425.07670673049995,363.9474167305,511.3492967305,256.7760840766,267.2344800766,305.8131060766,321.7172400766,274.2263100766,203.22712897399998,471.3832967305,413.3968217305,408.0849467305,263.7407340766,260.62273807659994,342.0073067305,440.7901967305,256.34332807659996,257.2790580766,277.5702060766,371.2041467305,579.8152217305,347.40550673049995,240.7191840766,382.3941617305,240.50660897400002,337.9398917305,419.47569173050005,269.9965440766,436.2411467305,260.62273807659994,361.8807617305,579.8152217305,269.0694900766,371.2041467305,373.0236167305,340.7218200766,230.13506897399998,413.5003067305,354.56806807659996,257.1686100766,234.150128974,504.6183467305,278.89531207659996,494.11782173049994,474.81894173049994,321.7172400766,498.1798217305,256.7240640766,420.66993173049997,219.73894897399998,388.2778817305,368.2876667305
10219.0,220.8100362175,482.09806673049997,524.5706717305,305.55964807659996,251.52930007659998,572.7010967305,291.1854960766,347.2066667305,245.828248974,530.5339667305,202.71406897399999,209.300628974,207.933428974,202.37310897400002,547.4067467304999,547.2013217305,399.50341673049996,203.0597862175,491.7114917305,265.4779680766,471.3739967305,239.122788974,341.45163173049997,245.141008974,269.46621007659996,246.61092607659998,245.86342897400002,241.1697060766,425.06746673050003,363.93814673049997,511.3400717305,256.76497807659996,267.22337407659995,305.8020000766,321.7061160766,274.2152040766,203.214788974,471.3739967305,413.3875667305,408.0756917305,263.72962807659997,260.61163207659996,341.9980367305,440.78097173049997,256.3322220766,257.2679340766,277.5591000766,371.1948917305,579.8059667304999,347.3962367305,240.7080780766,382.38492173049997,240.494248974,337.9306217305,419.4664217305,269.98543807659996,436.23189173049997,260.61163207659996,361.87150673049996,579.8059667304999,269.05838407659996,371.1948917305,373.0143467305,340.7106960766,230.122708974,413.4910367305,354.5569800766,257.1575040766,234.13778897400002,504.6090467305,278.88418807659997,494.1085967305,474.80967173049993,321.7061160766,498.17056673049996,256.7129580766,420.66069173050005,219.726608974,388.26861173049997,368.2783967305
10220.0,259.7486940766,560.1382967305,619.2276467304999,356.1140867305,349.25338807659995,667.3579967305,340.75798673049997,432.0210467305,344.8337760766,625.1908967305,280.0231560766,300.7683000766,269.2320120766,279.7162920766,642.0636467305,641.8582667305,359.4249360766,247.1206140766,572.4294467305,329.5913717305,555.9798467305,338.79888007659997,289.7627940766,300.8069640766,232.506448974,298.7640360766,344.86543807659996,342.94698007659997,503.1076967305,448.54396673049996,589.3803467304999,358.2919800766,364.94748007659996,356.3160467305,376.4481917305,329.9937317305,266.9071680766,555.9798467305,491.42784173049995,486.11596673049996,361.45373407659997,354.2599440766,426.6038717305,525.3867917304999,341.68095007659997,342.6166440766,329.40267173049995,449.23516673049994,674.4628967305,432.00207173049995,338.4321840766,460.4251967305,150.416137948,422.53645673049994,504.2808167304999,326.4689117305,517.5109217305001,354.2599440766,446.4773417305,674.4628967305,366.78249007659997,449.23516673049994,454.2287717305,385.19808173049995,318.88773007659995,498.30544673049997,386.1449567305,342.50619607659996,319.23450007659994,589.1169917304999,333.8845367305,572.1488717305,552.8499467305,376.4481917305,580.9072217304999,354.4370460766,498.70092173049994,321.3423000766,473.0830217305,452.88424673049997
10221.0,282.5503200766,537.0213917305,492.28329173049997,363.6901260766,325.2744540766,540.4136717305,346.3393140766,361.3171667305,237.3471540766,498.24657173049997,285.5449980766,240.5622240766,292.70718007659997,283.5833040766,515.1193217304999,514.9138967305,423.1653467305,269.7701400766,554.4229967305,277.7252040766,484.07116673049995,245.902508974,365.1135617305,324.96825607659997,243.969588974,154.1082612175,237.3788160766,282.4549200766,474.5320967305,376.6352717305,560.7360917305,278.7867540766,336.0911760766,363.3612840766,335.7977400766,325.4048460766,288.4603860766,484.07116673049995,453.7920467305,470.78719673049994,332.59744807659996,335.86545607659997,353.3411417305,453.47806673049996,345.0609180766,345.9966300766,346.42692007659997,421.70151173050004,547.5185417304999,360.0933467305,314.4532680766,426.4783967305,286.2236700766,350.6277467305,463.8713417305,323.2713240766,498.94339673049996,335.86545607659997,374.56861673049997,547.5185417304999,337.92618607659995,421.70151173050004,417.41926673050006,355.9472460766,272.8009440766,457.8959717305,378.8848967305,345.8862000766,294.46918207659996,549.0139967304999,332.17007407660003,549.0319217305,529.7329967305,335.7977400766,542.5754717305,330.4581300766,472.42977173049997,227.126708974,432.6735467305,380.9755217305
10222.0,315.9203400766,537.1407917305,472.1246717305,352.0113660766,339.2314560766,520.2550667305,346.4825940766,347.3198867305,235.103588974,478.0879667305,311.9842800766,240.70548607659998,326.0772000766,310.02255007659994,494.96071673049994,494.75529173049995,418.6182167305,303.14016007659995,559.9580417304999,266.0464260766,463.3087217305,232.201588974,360.5664167305,358.33825807659997,233.911308974,164.836897948,235.138768974,282.5982000766,474.6514967305,355.8728417305,560.8554917305,267.10795807659997,336.23445607659994,351.68250607659996,313.17408007660003,325.5481260766,321.8304060766,463.3087217305,453.91144673049996,476.3222417304999,332.74071007659995,354.8047680766,334.16833673049996,432.71562173049995,326.2501367305,327.0298967305,346.5701640766,421.8209117305,527.3599217305,343.4662367305,323.46118807659997,426.59779673049997,297.4391820766,334.0006217305,463.9907417304999,323.41460407659997,507.01479173049995,354.8047680766,353.80618673050003,527.3599217305,338.0694480766,421.8209117305,417.5386667305,335.9946960766,272.9442240766,458.01537173049996,403.3100117305,326.9378717305,314.7864300766,549.1333967305,332.3133540766,549.1513217305001,529.8523967305,313.17408007660003,542.6948717304999,332.3895660766,472.5491717305,217.50444897399998,432.7929467305,360.21309173049997
10223.0,354.3755717305,652.3949417304999,609.4889717305,431.0781467305,401.75283173049996,657.6193217305,420.65631173049997,478.8555467305,331.99434173049997,615.4522217305,360.6261917305,332.5087367305,362.2783667305,360.37047173049996,632.3249717305,632.1195917305,368.47984673049996,343.8521717305,668.4471167304999,365.64271673049996,601.6095467304999,326.9652467305,352.5136740766,388.59081173050004,239.3302320766,279.60476407659996,332.0207417305,367.4193167305,589.9056467304999,494.1736217305,676.1096417304999,366.5273417305,412.1161967305,431.2801217305,414.0364967305,403.2109217305,360.34098173049995,601.6095467304999,569.1655967305,584.8113467305,409.2047567305,410.5786667305,470.8795217305,571.0164467305,413.8674617305,414.6472217305,420.72931673050005,537.0750467304999,664.7242217305,477.6317417304999,392.7351617305,541.8519467305,326.6571167305,468.1661417305,579.2448917305,401.4329867305,612.9675167304999,410.5786667305,492.1069967305,664.7242217305,413.6453717305,537.0750467304999,532.7928167304999,430.8277217305,359.3743367305,573.2695217305,492.90901673049996,414.5551967305,376.0817717305,664.3875467305,408.8486117305,664.4054717304999,645.1065467305,414.0364967305,657.9490217304999,406.0725467305,587.8033217305,355.4600940766,548.0470967305,498.51391673049994
10224.0,203.054048974,383.4499367305,574.9655417305,240.60184207659998,173.8985862175,626.6567417304999,206.810468974,318.25818007659996,318.0848400766,580.9288217305,203.09768621749998,249.16672807659998,208.584648974,201.2428112175,601.3623917304999,601.1569967304999,500.5984967305,221.196928974,386.51823173049996,305.0969400766,442.3118717305,319.0278960766,442.54669673049995,246.98257207659998,355.25142173049994,367.8088140766,318.11652007659995,235.05055207659998,326.1609317305,334.87596173049997,412.6919567305,270.1847700766,191.6927862175,240.72138007659998,322.87996807659994,241.48716897399999,210.86502897399998,442.3118717305,357.37725607659996,351.0030060766,194.89001121750002,164.2645112175,362.9826360766,411.7187717305,153.37948621750002,155.7852112175,207.9250112175,306.7460460766,622.8513467304999,361.2860100766,183.92468621749998,320.17406407659996,338.06808007660004,349.6530960766,350.0837417305,223.692428974,331.5997067305,164.2645112175,332.80932173049996,622.8513467304999,205.00348621749998,306.7460460766,316.4547960766,323.6041440766,221.435488974,343.40316173049996,240.848428974,155.7877112175,203.47546121750003,412.1701967305,215.72418897400001,393.0022817305,375.5791067305,322.87996807659994,403.96045673049997,186.5636112175,366.10498807659997,301.02384607659997,361.9471140766,339.2162417305
10225.0,306.46346407659996,321.1654500766,585.3654167305,252.04951807659998,238.537348974,637.0566167305,234.772868974,324.3142440766,330.8927867305,591.3286967305,285.3811620766,316.68978607659994,310.72170607659996,284.0456520766,611.7622967305,611.5568717305,590.7958667304999,322.79205607660003,332.7015600766,364.47600607659996,446.5166417305,331.6786667305,532.7440667305,364.0334400766,437.8272467305,379.4432417305,330.9191717305,302.57361007659995,252.7287300766,340.8217817305,356.2558740766,326.6733240766,225.845948974,252.1690560766,342.24057007659997,272.2754880766,311.65551007659997,446.5166417305,245.7514800766,247.042908974,230.72614897399998,224.86158897400003,325.0980167305,408.5638967305,251.93253607659997,253.6646580766,231.75826897399998,221.472968974,628.7971667305,368.42097607659997,239.6798820766,236.392988974,388.58742173049995,356.7880800766,323.1462060766,252.07542007659998,269.1696600766,224.86158897400003,338.7551417305,628.7971667305,238.81692897399998,221.472968974,240.23000897400001,330.7391100766,276.8149980766,304.9555140766,202.49554897400003,253.66645807659998,259.9508880766,355.9398480766,235.4923080766,335.5780860766,312.41943007659995,342.24057007659997,346.08816007660005,241.14914897399998,247.4406000766,368.5469040766,287.8202160766,345.1620467305
10226.0,282.21976807659996,351.9388260766,579.8042717305,245.37614407659999,219.774488974,631.4954717305,231.505348974,317.6408700766,328.4017967305,585.7675217305,261.1374480766,305.1640440766,286.4779920766,259.8019380766,606.2011217305,605.9956967305,570.5927717305,298.5483600766,356.95162807659995,361.0942560766,442.6965167304999,329.1876917305,512.5409717305,339.7897260766,417.6241667305,369.83845673049996,328.42819673049996,291.0478680766,283.5020880766,335.2606217305,339.1910417305,326.1820860766,213.03956897400002,245.49566407659998,335.56717807659993,269.3347200766,287.4117960766,442.6965167304999,273.5854380766,263.1119940766,217.919788974,222.4051862175,363.4442280766,408.58525673049996,238.024868974,239.94944897399998,220.965748974,236.615808974,623.2360217304999,361.7475660766,228.682228974,236.3822640766,368.3843417305,350.1146700766,336.77474407660003,249.13465207659996,291.04938007659996,222.4051862175,333.19398173049996,623.2360217304999,226.01054897400002,236.615808974,239.83556407659998,324.0657180766,265.2892560766,318.5840880766,211.1703862175,239.951448974,235.70717407659998,338.9276717305,247.279488974,364.73248807659996,343.19277007659997,335.56717807659993,330.7179467305,222.386288974,278.21395807659997,357.0211800766,300.7040040766,339.6008717305
10227.0,453.84384173049995,523.8063917305,304.6383000766,354.02244173049996,427.3827467305,366.6677400766,391.1769467305,333.2045160766,352.9365617305,311.7942180766,437.9164967305,390.10396673049996,460.86679673049997,436.97011673049997,336.31452007660005,336.06802807659994,704.0287967305,463.2756467305,569.8555217305,369.2272500766,286.08562807659996,357.38656673049996,645.9769967305,501.7264967305,485.84404673049994,402.7913867305,352.9101917305,361.4383667305,461.31709673049994,268.9662780766,550.0976417305,340.77460673049995,413.87125673049997,353.35660673049995,321.9817680765999,357.4793417305,461.2328717305,286.08562807659996,440.4220967305,487.0264667304999,411.60790673049996,436.66306673049996,291.1838760766,331.3691640766,465.9915467305,469.19517173049996,410.87170673049997,425.2691867305,353.6449200766,296.8338420766,414.46441673050003,417.5722667305,542.9879417304999,296.2547640766,417.6652967305,371.1486617305,549.7418417304999,436.66306673049996,271.8940680766,353.6449200766,405.2330717305,425.2691867305,413.9241617305,323.3408400766,390.18837173049997,412.99959173049996,501.6623417305,469.1031467305,413.3848667305,521.9941217305,389.52309173049997,535.8169217305,516.5179967305,321.9817680765999,515.5556417304999,420.33130673049993,459.0597917304999,376.6169117305,385.3100717305,273.1008600766
10228.0,406.29354173049995,476.2560917305,327.2817600766,347.76657007660003,379.8324617305,341.0926667305,343.6266467305,276.14413807660003,333.23945407659994,334.43766007659997,390.3661967305,342.5536667305,413.3164967305,389.4198167305,358.9579800766,358.7114700766,645.4584467305,415.7253167305,522.3052217305,312.1668540766,290.7189360766,338.57946007659996,587.4066467304999,454.1761667304999,427.27369673050003,344.22102173049996,333.2078100766,356.6656800766,413.76679673049995,224.339908974,502.54734173049997,331.8691500766,366.3209567305,346.9675500766,264.9213900766,351.9148140766,413.6825717305,290.7189360766,392.8717817305,439.4761667304999,364.05760673049997,389.11276673049997,249.026108974,308.47195807659995,418.4412467305,421.6448417305,363.32139173049995,377.7188867305,348.19752173049994,239.7734640766,366.9140867305,370.0219667305,484.41759173049996,239.19438607659998,362.1599717305,368.3180160766,502.1915417304999,389.11276673049997,227.59300897399999,348.19752173049994,357.6827717305,377.7188867305,366.3738617305,266.2804620766,342.6380717305,365.4492917305,454.11199673050004,421.5528167305,365.8345667305,474.44382173049996,341.97279173050003,488.2666217305,468.96769673049994,264.9213900766,468.00534173049994,372.7810067305,411.5094917305,361.6558740766,337.7597717305,228.93386897399998
10229.0,610.0971167304999,680.0596217305,199.7423862175,510.2757167305,583.6360217304999,246.126008974,547.4302217305,450.59037173049995,459.6457217305,190.80023621750001,594.1697717305,518.3429717305,617.1200717305,593.2233917305,173.3202362175,178.7327612175,810.7378967305,603.6970967305,726.1087967304999,460.07899673049997,406.7540717305,464.09569673050004,752.6860967305,649.6954967304999,592.5531467305,509.50054673049993,459.61932173049996,517.6916417304999,617.5703717305,397.0585217305,706.3508717305,483.6108467305,570.1245467305,509.6098967305,441.2380967305,513.7325717305,619.2723167304999,406.7540717305,596.6753417304999,643.2796967305,567.8611667304999,592.9163417305,415.57317173049995,444.4903967305,622.2448217305,625.4484167305,567.1249967305,581.5224467305,265.1572440766,420.2814917305,570.7176467305,573.8255417304999,649.6970717304999,419.7989117305,569.3479967305,527.4019217304999,705.9950717305,592.9163417305,399.4983467305,265.1572440766,561.4863467304999,581.5224467305,570.1774217305,442.37067173049996,546.4416467305,569.2528967305,657.9155717305,625.3563917304999,569.6381417304999,678.2473967305,545.7763667305,692.0701967305,672.7712717305,441.2380967305,671.8089467305,576.5845667305,615.3130217304999,483.3260717305,541.5633467304999,400.50400673049995
10230.0,600.2597417304999,670.2222467304999,161.2867362175,500.4382967305,573.7986167304999,227.071528974,537.5928467305,440.75296673049996,449.8083167305,172.4532362175,584.3323967305,508.50556673049994,607.2826967305,583.3860167304999,189.7159362175,205.44763621750002,800.9005217304999,593.8596917304999,716.2714217305,450.2415467305,396.9166667305,454.25829173049993,742.8487217305,639.8580917305,582.7157417305,499.6630967305,449.7819167304999,507.8542667305,607.7329967305,387.2211167305,696.5134967304999,473.77339673049994,560.2870967305,499.77249173049995,431.4006467305,503.8951967305,609.4348967305,396.9166667305,586.8379667304999,633.4423217305,558.0237467305001,583.0789217304999,405.73576673049996,434.6529467305,612.4074467304999,615.6110417304999,557.2875917305,571.6850717305,248.00823007659997,410.44407173049996,560.8802717305,563.9881667304999,639.8596667305,409.9615067305,559.5106217304999,517.5645467305001,696.1576967305,583.0789217304999,389.6609417305,248.00823007659997,551.6489717305,571.6850717305,560.3400467305,432.5332217305,536.6042717304999,559.4154467305,648.0781967304999,615.5190167305,559.8007667305,668.4100217305,535.9389467305,682.2328217305,662.9338967305,431.4006467305,661.9714967304999,566.7471467304999,605.4756467305,473.4886667304999,531.7259717305,390.6665867305
10231.0,628.7092667305,698.6717717304999,204.5885862175,528.8878667304999,602.2481717305,240.525848974,566.0423717305,469.2025217305,474.7116467305,198.29273621750002,612.7819217304999,533.4088967304999,635.7322217305,611.8355417304999,160.9564362175,170.6122612175,825.8038967304999,618.7630217305,744.7209467304999,475.14492173049996,425.3662217305,479.16162173050003,767.7520967304999,664.7614217304999,607.6191167304999,524.5664717304999,474.68524673049995,536.3037917304999,636.1825217305,415.6706717305,724.9630217304999,498.6767717305,588.7366967305,528.2220467304999,459.8502167305,532.3447217304999,636.0982967305,425.3662217305,615.2874917304999,661.8918467305,586.4733167305,611.5284917304999,434.1853217305,463.10251673049993,640.8569717305,644.0605667305,585.7371467305,600.1345967305,260.1171180766,438.89364173049995,589.3297967305,592.4376917304999,664.7629967304999,438.4110467305,587.9601467305,546.0140717305001,724.6072217305,611.5284917304999,418.11049673049996,260.1171180766,580.0984967305,600.1345967305,588.7895717304999,460.98279173049997,565.0537967304999,587.8650167305,676.5277217304999,643.9685417305,588.2502917305,696.8595467304999,564.3885167305,710.6823467305,691.3834217305,459.8502167305,690.4210667304999,595.1967167304999,633.9251717305,498.3919967305,560.1754967305,419.11614173050003
10232.0,259.13160007659997,559.6240967305,618.7134167305,355.59985673049994,348.6362940766,666.8437967305,340.24375673049997,431.50681673049996,344.2167000766,624.6766967305,279.4060800766,300.1512240766,268.6149180766,279.09919807660003,641.5494467305,641.3440667304999,358.97274007659996,246.5035200766,571.9152167304999,329.0771417305,555.4656167305,338.1817860766,289.3105980766,300.1898880766,232.00400897400002,298.14696007659995,344.2483440766,342.3298860766,502.59349673049996,448.02972173049994,588.8660717304999,357.6748860766,364.3303860766,355.8018167305,375.9339467305,329.47948673049996,266.2900740766,555.4656167305,490.91359673049993,485.60172173049995,360.8366580766,353.6428680766,426.0896417304999,524.8725467305,341.0638560766,341.9995680766,328.8884417305,448.7209217305,673.9486967305,431.48784173049995,337.8151080766,459.9109217305,149.04485794800001,422.02221173050003,503.7665717305,325.95468173049994,516.9966917305,353.6428680766,445.9630967305,673.9486967305,366.1653960766,448.7209217305,453.7145717304999,384.6838367305,318.2706360766,497.79117173049997,385.63071173049997,341.8891200766,318.6174060766,588.6027467304999,333.3703067305,571.6345967305,552.3357167304999,375.9339467305,580.3930217305,353.8199700766,498.1867217305,320.7252060766,472.5687467305,452.36997173049997
10233.0,259.1717580766,559.6575467304999,618.7468967305,355.6333367305,348.6764880766,666.8772467305,340.2772367305,431.5402967305,344.2568760766,624.7101467305,279.4462560766,300.1914000766,268.6550940766,279.13939207659996,641.5828967304999,641.3775167304999,359.0128980766,246.5436780766,571.9486967304999,329.1106217305,555.4990967305,338.2219800766,289.35075607659996,300.23004607659993,232.04864897399997,298.1871180766,344.2885200766,342.37008007659995,502.62694673050004,448.06321673049996,588.8995967305,357.7150440766,364.3705800766,355.8352967305,375.9674117305,329.5129667305,266.3302500766,555.4990967305,490.94709173049995,485.63521673049996,360.8768340766,353.6830440766,426.1231217305,524.9060417305,341.10405007659995,342.0397440766,328.9219217305,448.75441673049994,673.9821467305,431.52132173049995,337.8552840766,459.9444467305,149.134097948,422.05570673049994,503.80006673049996,325.9881617305,517.0301717305,353.6830440766,445.9965917305,673.9821467305,366.2055900766,448.75441673049994,453.7480217305,384.71733173049995,318.3107940766,497.82469673049997,385.6642067305,341.9292960766,318.65760007660003,588.6362417304999,333.4037867305,571.6681217304999,552.3691967305,375.9674117305,580.4264717305,353.8601460766,498.2201717305,320.76540007660003,472.6022717305,452.40349673049997
10234.0,246.68830807659998,334.5470117305,544.4811467305,214.43158897400002,188.1606362175,596.1723467305001,191.4551862175,275.25313807659995,322.5591360766,550.4444417304999,239.56224897399997,253.64102407659996,250.9465500766,238.078348974,570.8780417305,570.6726167305,540.9832217305,263.0169000766,344.1604367305,309.57121807659996,407.37342173049996,323.5021740766,482.93142173049995,304.25826607659997,388.5173717305,326.90259173050003,322.59081607659994,239.5248480766,313.0196940766,339.9250500766,363.78903173049997,271.22549407659994,169.73968621749998,214.564388974,293.17946407659997,229.80848897400003,251.88035407659999,407.37342173049996,299.0330280766,292.6296000766,175.8399612175,173.0559362175,321.05649607659996,376.78032173049996,206.453508974,208.378088974,177.1301112175,248.4018180766,587.9128967305,319.3598700766,207.38786121750002,261.8298540766,338.77479173049994,307.7269560766,338.8764060766,207.363968974,329.4606060766,173.0559362175,337.44504607659997,587.9128967305,185.95343621749998,248.4018180766,255.2307300766,281.6780040766,226.406908974,330.85972807659994,233.34862897399998,208.380088974,209.733948974,363.5256917305,211.1728862175,346.5575567305,327.2586467305,293.17946407659997,355.31593673049997,191.4253862175,307.73156407659997,305.4981600766,300.7230480766,345.1333500766
10235.0,247.8049740766,337.05706673049997,553.4047667304999,226.32970897400003,191.7015612175,605.0959667304999,206.32786121750001,285.9614640766,332.3102400766,559.3680467305,240.80296897399998,263.39214607659994,252.06319807659997,239.319068974,579.8016467304999,579.5962217305,541.9137917305,264.1335660766,346.6704917305,319.32234007659997,416.2969967305,333.2532960766,483.8619917305,305.3749500766,388.94517173049996,335.0285417305,332.3419200766,249.27597007659998,316.0317600766,350.6333400766,366.2990717305,284.4101880766,183.2829112175,226.462508974,303.8877900766,241.706608974,252.9970200766,416.2969967305,302.0158980766,295.6416480766,189.3831862175,174.6068612175,331.76484007659997,385.7039417305,200.089048974,202.01362897400003,192.0027612175,251.38468807659999,596.8365167304999,330.06817807659996,212.5297112175,264.81270607659997,339.70534673049997,318.4352640766,349.2900900766,219.262088974,332.4726900766,174.6068612175,348.1533900766,596.8365167304999,199.4966612175,251.38468807659999,268.2660060766,292.3863120766,237.241508974,341.27339407659997,224.355988974,202.015628974,212.54710897400003,366.03573173049995,200.836428974,349.0675967305,329.7686867305,303.8877900766,357.8259917305,194.9663112175,310.74363007659997,315.2492460766,311.1367500766,355.84165807659997
10236.0,278.7834780766,400.4643917305,451.4351717305,218.8007862175,251.05260607659997,503.1263717305,231.099808974,241.98316207659997,214.1571862175,457.39846673049993,259.6706820766,203.45484897400002,287.21104207659994,258.5350080766,477.8320217305,477.6266417304999,532.0327967305,284.5546380766,446.51352173050003,176.3358112175,340.89123173049995,215.4669612175,473.98104173049995,336.2426280766,336.54789173049994,288.47563207659994,214.2011612175,194.3012612175,337.97509673049996,260.1464040766,424.17909173050003,147.10298621750002,235.1673000766,218.3440362175,203.67158621750002,192.9170112175,287.65033207659997,340.89123173049995,360.6820740766,361.93411673049997,244.733028974,262.1721780766,248.686988974,352.35779407660004,297.1149300766,300.9592440766,236.68729207659996,322.1734140766,510.2312717305,240.2961300766,235.28233807659998,327.9056400766,329.8243967305,243.263768974,369.26472607659997,215.69923621750002,414.1020467305,262.1721780766,257.66645407659996,510.2312717305,239.332508974,322.1734140766,317.0347200766,216.8490862175,213.774348974,362.0942460766,325.58607173049995,300.8488140766,244.703008974,409.52989673049996,215.86144897399998,412.4749217305,393.1760117305,203.67158621750002,403.0914167305,239.4490320766,335.8727567305,211.493008974,331.8273360766,265.35472207659996
10237.0,295.9239780766,389.7287117305,444.28794173049994,217.9501862175,250.4401740766,495.9791417305,230.419328974,248.229408974,219.21406897399999,450.25122173049994,273.8222820766,231.34318897400001,304.35152407659996,272.4867720766,470.6847917304999,470.4793967305,552.9490667304999,307.24210807659995,435.77787173049995,211.5984112175,333.7439717305,220.261888974,494.89729673049993,353.3831280766,357.4641467305,313.5751200766,219.249248974,216.4029862175,327.2394317305,251.5697100766,413.44341173050003,181.9633862175,249.505408974,217.4934362175,191.7594862175,192.0664112175,304.7908140766,333.7439717305,347.6133000766,352.9487867305,244.052548974,261.5597460766,239.157308974,343.7811000766,296.50249807660003,300.3468300766,236.0748600766,315.61354807659995,503.08404173049996,246.354928974,249.633228974,318.7249380766,350.7406217305,233.734088974,349.6535640766,214.84863621750003,410.69638673049997,261.5597460766,249.0897600766,503.08404173049996,238.652048974,315.61354807659995,310.4748360766,204.93698621750002,232.819348974,342.4831200766,366.61647607659995,300.23640007660003,239.28415207659998,393.8529617305,215.180968974,401.73925673049996,382.4403467305,191.7594862175,387.4144817305,238.83660007659998,369.9785160766,239.38132897399998,312.21621007659996,256.7780280766
10238.0,295.9239780766,389.7287117305,444.28794173049994,217.9501862175,250.4401740766,495.9791417305,230.419328974,248.229408974,219.21406897399999,450.25122173049994,273.8222820766,231.34318897400001,304.35152407659996,272.4867720766,470.6847917304999,470.4793967305,552.9490667304999,307.24210807659995,435.77787173049995,211.5984112175,333.7439717305,220.261888974,494.89729673049993,353.3831280766,357.4641467305,313.5751200766,219.249248974,216.4029862175,327.2394317305,251.5697100766,413.44341173050003,181.9633862175,249.505408974,217.4934362175,191.7594862175,192.0664112175,304.7908140766,333.7439717305,347.6133000766,352.9487867305,244.052548974,261.5597460766,239.157308974,343.7811000766,296.50249807660003,300.3468300766,236.0748600766,315.61354807659995,503.08404173049996,246.354928974,249.633228974,318.7249380766,350.7406217305,233.734088974,349.6535640766,214.84863621750003,410.69638673049997,261.5597460766,249.0897600766,503.08404173049996,238.652048974,315.61354807659995,310.4748360766,204.93698621750002,232.819348974,342.4831200766,366.61647607659995,300.23640007660003,239.28415207659998,393.8529617305,215.180968974,401.73925673049996,382.4403467305,191.7594862175,387.4144817305,238.83660007659998,369.9785160766,239.38132897399998,312.21621007659996,256.7780280766
10239.0,470.54371673049997,488.5595417305,327.7723217305,344.0497217305,417.41005673049995,336.4328700766,381.2042417305,321.2372700766,391.92034673049994,333.7355717305,454.61637173049996,406.8038117305,477.5666717305,453.66999173049993,345.1258217305,344.9203967305,761.2454717305001,479.9754917304999,534.6086717305,355.91239673049995,201.35868897400002,392.7062117305,703.1937167305,518.4263417304999,559.9739417305,470.85429173049994,391.94674673049997,378.1382417305,427.8351467305,249.9938460766,498.6989717305,357.4744667305,403.8985367305,343.3839167305,341.87691607659997,372.6109367305,477.9327467305,201.35868897400002,409.8497717305,456.4541717305,401.6351867305,426.6903467305,273.5333100766,248.8651200766,460.5946967305,463.7983217305,400.8990167305,404.7653117305,325.43775007659997,274.5864180766,417.80937173049995,390.4480667305,559.0370717305,278.0048700766,348.91189673049996,373.3897667305,516.8415917305,426.6903467305,249.4127700766,325.43775007659997,395.2603817305,404.7653117305,391.0777667305,336.14119807659995,406.8882467305,361.4714717305,491.6896217305,463.7062967305,430.08474173049996,461.63431673049996,379.5503717305,500.5700717305,481.2711467305,341.87691607659997,455.1958217305,410.3585867305,428.73259673049995,407.0165117305,333.7819667305,248.46625807659998
10240.0,508.25589173049997,526.2717467304999,363.9491460766,381.7619417305,455.12224673049997,319.1280300766,418.9164467305,366.4919160766,429.63256673049995,361.8134640766,492.32854673049997,444.5160167305,515.2788467304999,491.38216673049993,330.70512173049997,330.4996967305,798.9576467305,517.6876967305,572.3208917304999,393.6246167305,236.47744807659998,430.41844673049997,740.9059217304999,556.1385467304999,569.7520967304999,486.6994667305,429.65896673049997,415.85041673050006,465.5473967305,295.2484920766,536.4111467304999,395.1866567305,441.6107717305,381.09610673049997,339.27628673050003,410.32314173049997,515.6449217305,236.47744807659998,447.5619917305,494.1663917305,439.34739173049996,464.4025667304999,318.78793807659997,294.1197480766,498.30691673049995,501.51054173049994,438.61122173049995,442.4775467305,308.13291007659996,319.8410640766,455.52159173049995,428.1602717305,596.7492467305,323.2594980765999,386.62411673049996,411.1019567304999,554.5537967304999,464.4025667304999,294.66739807659997,308.13291007659996,432.97257173049996,442.4775467305,428.7899717305,334.4965217305,444.60042173049993,399.1836917305,529.4018417304999,501.4184717305,467.79691673049996,499.3465217305,417.26259173050005,538.2822917305,518.9833967305,339.27628673050003,492.9080417305,448.07079173049993,466.44481673049995,444.72874673049995,371.4941717305,293.7209040766
10241.0,532.9254917305,533.2029467304999,311.2253460766,406.4314967305,479.7918167305,266.4042300766,443.5860167304999,346.7461667305,434.80051673049996,309.0897000766,516.9981467305,469.1855717305,539.9484467305,516.0517667304999,324.1223640766,323.87589007659994,785.8927217304999,542.3572667305,579.2520917305,418.2941867305,241.94660407659998,439.25049173049996,727.8408917305,580.8081167304999,567.7079417304999,484.65529673049997,434.7741167305,440.5200167305,472.4785967305,324.85197607659995,543.3423467304999,419.8562417305,466.28029673049997,405.76566173049997,363.94587173049996,434.9926967305,540.3145217305,241.94660407659998,454.4931917304999,501.09759173049997,464.0169467305,489.0721217305,348.39144007659996,302.4372060766,522.9764717305,526.1800967305,463.2807467305,449.4087467305,255.4091100766,349.4445660765999,480.1911467305,435.09147173049996,621.4188467305,352.8630000766,393.5553167305,435.77149673049996,561.4849967304999,489.0721217305,324.2709000766,255.4091100766,457.6421417305,449.4087467305,435.7211717305,359.16610673049996,469.2700217305,406.1148917305,554.0713967305,526.0880717304999,492.46651673049996,506.2777217305,441.9321467305,545.2134917305,525.9145967305,363.94587173049996,499.83924173049996,472.7403467305,473.3760167305,458.4808667305,378.4253717305,323.3244060766
10242.0,434.8324967305,761.8468967304999,778.8839717304999,557.8226717304999,509.41974173049994,827.0143217305,542.4665717304999,633.7296467304999,486.85084673049994,784.8472217304999,451.7278967305,469.0154717305,442.73524673049997,451.47219173049996,801.7199717305,801.5145467304999,146.101017948,424.3090967305,774.1380467305,520.4992217305,757.6883717305001,481.8217667305,214.92248621750002,469.0477217305,330.8737967305,419.06562173049997,486.8772467305,504.1643717305,704.8162967305,650.2525217305,791.0888717304999,516.9518717305,522.4981217305,558.0246467305,568.8929717305,531.7023167304999,440.7978917305,757.6883717305001,693.1363967305,687.8245217305,519.5866967305,513.5918717305,628.3124417304999,727.0953467305,503.1093467305,503.8891217305,531.1112417305,650.9437217305,834.1192217305,633.7106417305,500.4020717304999,662.1337667304999,362.09271607659997,624.2449967305,705.9894167304999,528.1774967305,719.2195217304999,513.5918717305,648.1858967305,834.1192217305,524.0272967305,650.9437217305,655.9373717305,586.9066217305,484.1149967305,700.0140467305,587.8535417305,503.7970967305,484.40397173049996,790.8255467305,535.5931667304999,773.8574717305,754.5585467304999,568.8929717305,782.6158217305,513.7394717305,700.4095217304999,467.27464673049997,674.7916217305,654.5927717305
10243.0,345.7356917305,280.72562407659996,514.6219217304999,236.87179207659997,307.49394607659997,536.8887167304999,264.0469680766,240.5145600766,326.74479173049997,520.5851717305,369.9015660766,358.0997040766,348.5124317305,368.5660560766,541.0187717305,540.8133467304999,655.2999917304999,357.0524717305,335.9845980766,341.1166140766,339.1375667305,327.53065673049997,597.2481917304999,392.8047167305,475.5662717305,413.9514917305,326.7711617305,321.8903100766,217.487208974,302.35654807659995,309.18326407660004,323.8147260766,285.5896740766,236.9913300766,295.0685100766,276.9781500766,349.2906167305,339.1375667305,212.0339612175,236.5897140766,288.56410207659997,299.8686600766,283.48804807659997,341.4218040766,343.0765260766,344.8086660766,281.7721620766,181.83601121750002,527.7261167304999,283.6630800766,307.97316007660004,171.9112612175,453.09154673049994,270.15849007659995,214.618848974,268.1929980766,313.4250360766,299.8686600766,299.8765800766,527.7261167304999,280.9143180766,181.83601121750002,162.9276612175,274.00617007660003,331.24836607659995,201.876308974,311.01723007659996,344.8104660766,331.49840407659997,291.6396180766,262.0623240766,295.1382780766,271.97958607659996,295.0685100766,283.9134240766,299.03218207659995,214.477428974,341.8702217305,190.28276121750002,307.56486607659997
10244.0,342.7502717305,259.7125500766,544.1456717305,253.3944960766,309.5204760766,560.9548667304999,280.9413900766,275.9430600766,340.1470967305,550.1089217305,325.1816717305,327.3216467305,346.2987917305,368.8825140766,570.5425217305,570.3370967305,661.4932217305,356.3574167305,306.91233007659997,326.6120867305,363.2037167305,340.9329617305,603.4414217305,390.7252217305,487.80484673049995,426.19002173049995,340.17348173049993,336.5765640766,217.6741862175,337.7850480766,288.17019007659997,339.8975100766,298.19640607659994,253.51403407659998,325.8864000766,288.4467600766,347.07694673049997,363.2037167305,182.4146612175,220.22226897399997,302.5885860766,297.2122740766,318.9165300766,325.2509717305,336.76939807659994,338.50152007659995,293.4458100766,166.957817948,551.7922667304999,319.0915800766,324.5167260766,137.448817948,459.28479173049993,305.58699007659993,233.762248974,282.8792700766,283.4456040766,297.2122740766,335.3050800766,551.7922667304999,295.60059007660004,166.957817948,151.207577948,304.82406007659995,345.9346200766,210.381688974,289.2641940766,338.50332007659995,344.7877500766,284.5614600766,276.7485960766,274.1251860766,250.9665300766,325.8864000766,276.2196480766,311.87107807659993,213.4774862175,355.2725417305,222.62473621750001,342.99336607659995
10245.0,342.76906673049996,259.7351040766,544.1644667305,253.4170500766,309.54303007659996,560.9736467304999,280.9639260766,275.9656140766,340.1658917305,550.1277167305,325.2004817305,327.3404417305,346.3175867305,368.90508607659996,570.5613167305,570.3558917304999,661.5120467305,356.3762417305,306.93488407660004,326.6308967305,363.2224967305,340.95175673049994,603.4602467305,390.74403173049996,487.8236417304999,426.2088467305,340.1922617305,336.59913607659996,217.7055112175,337.80762007659996,288.1927440766,339.9200460766,298.2189600766,253.5365880766,325.9089540766,288.4692960766,347.0957717305,363.2224967305,182.4460112175,220.24734897399998,302.61115807659996,297.2348460766,318.9390840766,325.2697667305,336.7919700766,338.5240560766,293.4683640766,167.007937948,551.8110467305,319.1141160766,324.5392800766,137.498937948,459.3035717305,305.6095260766,233.787308974,282.90182407659995,283.4681760766,297.2348460766,335.32761607659995,551.8110467305,295.6231440766,167.007937948,151.257737948,304.8466140766,345.9571740766,210.40674897399998,289.2867480766,338.5258560766,344.8103040766,284.5840140766,276.7711500766,274.1477580766,250.9890840766,325.9089540766,276.24220207659994,311.8936500766,213.5088362175,355.2913217305,222.6560862175,343.01592007659997
10246.0,357.7421700766,641.7995717304999,640.3683467305,437.7753467305,389.3723867305,688.4986967305,422.4192317304999,497.1878717305,350.3266967305,646.3315967305,331.6805417305,348.9681617305,367.22550607659997,331.42482173049996,663.2043467305,662.9989667304999,280.32487207659995,345.11409007659995,654.0906917304999,383.9750567305,619.9418717305,345.29761673049995,222.958588974,349.00038173049995,223.144228974,316.6599960766,350.3530817305,384.1170617305,584.7689717305,512.5059917305,671.0415467304999,384.8596667305,402.4507967305,437.9772917305,432.3688217305,411.65499173049994,364.9006440766,619.9418717305,573.0890717305,567.7771967305,399.53935673049995,393.54453173049995,489.2118467305,589.3487717305,383.0620067305,383.84176673049996,411.0639167305,530.8963967305,695.6035967305,495.9640967305,380.35473173049996,542.0863967304999,235.469748974,486.49846673049996,585.9420467304999,408.13017173049997,599.1721667305,393.54453173049995,510.4393217305,695.6035967305,403.9799717305,530.8963967305,535.8900467305,449.16009173049997,364.06767173049997,579.9666917305,467.8061717305,383.7497417305,364.3566467305,670.7782217305,415.5457967305,653.8100717305,634.5111917305,432.3688217305,662.5684967305,393.6921167305,580.3621967304999,330.75046673049997,554.7442667304999,516.8462717304999
10247.0,308.4493860766,600.7222667305,623.4051917305,396.6980417305,348.2950967305,671.5355717305,381.3419417305,472.6050167304999,368.94754807659996,629.3684417305,328.72388407660003,349.46902807659995,317.9327400766,328.41703807659997,646.2412217305,646.0357967305,315.3263760766,295.82132407660004,613.0133717305,357.7713167305,596.5637717305,362.9126340766,245.6642340766,349.5076740766,208.49370897400001,296.3042280766,368.9792100766,343.03975673049996,543.6916667305,489.1278917304999,629.9642717305,355.82724173049996,361.37350673049997,396.8999717305,406.1650967305,370.57767173049996,315.60787807659995,596.5637717305,532.0117967305,526.6999217305,358.4620667305,352.4672417305,463.0081217305,565.9707167304999,341.98473173049996,342.7644917305,369.98659673049997,489.81912173049994,678.6404417304999,472.58599673049997,339.27744173049996,501.00912173049994,200.8750362175,463.12036673049994,544.8647717305,367.0528667305,558.0948467305,352.4672417305,487.06126673049994,678.6404417304999,362.9026667305,489.81912173049994,494.8127417304999,425.78199173049995,367.58844007659997,538.8893717305,426.7288967305,342.6724667305,367.93522807659997,629.7009467304999,374.4684917305,612.7327967305,593.4338717305,406.1650967305,621.4911917305,352.6148117305,539.2848917305,345.4560900766,513.6669467305001,493.4681717305
10248.0,308.4493860766,600.7222667305,623.4051917305,396.6980417305,348.2950967305,671.5355717305,381.3419417305,472.6050167304999,368.94754807659996,629.3684417305,328.72388407660003,349.46902807659995,317.9327400766,328.41703807659997,646.2412217305,646.0357967305,315.3263760766,295.82132407660004,613.0133717305,357.7713167305,596.5637717305,362.9126340766,245.6642340766,349.5076740766,208.49370897400001,296.3042280766,368.9792100766,343.03975673049996,543.6916667305,489.1278917304999,629.9642717305,355.82724173049996,361.37350673049997,396.8999717305,406.1650967305,370.57767173049996,315.60787807659995,596.5637717305,532.0117967305,526.6999217305,358.4620667305,352.4672417305,463.0081217305,565.9707167304999,341.98473173049996,342.7644917305,369.98659673049997,489.81912173049994,678.6404417304999,472.58599673049997,339.27744173049996,501.00912173049994,200.8750362175,463.12036673049994,544.8647717305,367.0528667305,558.0948467305,352.4672417305,487.06126673049994,678.6404417304999,362.9026667305,489.81912173049994,494.8127417304999,425.78199173049995,367.58844007659997,538.8893717305,426.7288967305,342.6724667305,367.93522807659997,629.7009467304999,374.4684917305,612.7327967305,593.4338717305,406.1650967305,621.4911917305,352.6148117305,539.2848917305,345.4560900766,513.6669467305001,493.4681717305
10249.0,214.0839362175,477.2182217305,526.1809217305,300.0479400766,246.01757407659997,574.3112717304999,285.6737700766,342.6135917305,247.97518897400002,532.1441717304999,219.6461612175,203.176508974,202.552548974,219.2199612175,549.0169217304999,548.8115417305,404.3809667305,196.3336612175,486.8316467305,267.6002040766,466.0552967305,241.26974897399998,346.3291667305,238.39818897400002,277.9272180766,248.5431900766,248.01038897400002,235.6579980766,420.1876217305,358.61943173049997,506.46024173049994,250.3825200766,261.7116480766,300.2902740766,323.8283700766,268.7034780766,222.2923612175,466.0552967305,408.50773673049997,403.1958617305,258.21792007659997,254.7558360766,336.67932173049996,435.4622417305,250.0347780766,250.9705080766,272.0473740766,366.3150617305,581.4161717305,342.07752173049994,235.1963700766,377.5050917305,238.95016897399998,332.6119067305,414.8733317305,264.47373007659996,431.3520467305,254.7558360766,356.55279173049996,581.4161717305,263.5466580766,366.3150617305,368.4212567305,334.3282380766,223.998588974,408.8979467305,348.7011660766,250.8600600766,228.013648974,500.0159717305,273.3724800766,489.22876673049996,469.9298717305,323.8283700766,497.9871467305,251.20123207659998,415.7808467305,221.873548974,383.6755217305,362.95969673049996
10250.0,241.215288974,416.2005467305,654.9904967304999,336.5898300766,251.16645607659999,706.6816967305,294.50048407659995,361.8717917305,351.46377173049996,660.9538217305,248.714488974,328.6458540766,231.89484897399998,249.93576897399998,681.3873467305,681.1819967304999,524.9376467305,237.0976740766,419.2688417305,347.40699173049995,522.3018467305,345.6177917305,466.88584673049996,236.84101207659998,385.8372167305,373.65484673049997,351.4901717305,331.3462680765999,368.82177173049996,414.8659367305,445.4425667305,365.8977360766,264.3898680766,336.7093500766,365.7582917305,323.3684160766,235.428188974,522.3018467305,364.4384417305,347.78034173049997,266.6918700766,244.52744407659998,399.14217173049997,491.7087467305,209.273748974,206.71636897400003,272.4884640766,366.6949200766,702.8413217305,397.72831673049996,256.4557560766,333.43576673049995,367.27506007659997,388.0342217305,417.09619673049997,307.35316807659996,364.35031673049997,244.52744407659998,412.7992967305,702.8413217305,273.20342407659996,366.6949200766,336.31351673049994,366.3267617305,300.7673100766,401.9373167305,238.37122807659998,205.814248974,269.5876380766,454.83102173049997,300.1397400766,425.7528917304999,408.3297167305,365.7582917305,446.6212967305,258.3557640766,364.4149967305,334.32747173049995,387.0372467305,419.20621673050005
10251.0,241.215288974,416.2005467305,654.9904967304999,336.5898300766,251.16645607659999,706.6816967305,294.50048407659995,361.8717917305,351.46377173049996,660.9538217305,248.714488974,328.6458540766,231.89484897399998,249.93576897399998,681.3873467305,681.1819967304999,524.9376467305,237.0976740766,419.2688417305,347.40699173049995,522.3018467305,345.6177917305,466.88584673049996,236.84101207659998,385.8372167305,373.65484673049997,351.4901717305,331.3462680765999,368.82177173049996,414.8659367305,445.4425667305,365.8977360766,264.3898680766,336.7093500766,365.7582917305,323.3684160766,235.428188974,522.3018467305,364.4384417305,347.78034173049997,266.6918700766,244.52744407659998,399.14217173049997,491.7087467305,209.273748974,206.71636897400003,272.4884640766,366.6949200766,702.8413217305,397.72831673049996,256.4557560766,333.43576673049995,367.27506007659997,388.0342217305,417.09619673049997,307.35316807659996,364.35031673049997,244.52744407659998,412.7992967305,702.8413217305,273.20342407659996,366.6949200766,336.31351673049994,366.3267617305,300.7673100766,401.9373167305,238.37122807659998,205.814248974,269.5876380766,454.83102173049997,300.1397400766,425.7528917304999,408.3297167305,365.7582917305,446.6212967305,258.3557640766,364.4149967305,334.32747173049995,387.0372467305,419.20621673050005
10252.0,675.1483967304999,675.0410717305,284.1113880766,548.6544167304999,622.0147217305,238.6640700766,585.8089217305001,488.9690717305,536.6172467305,281.9757240766,659.2210667305,595.3144967305,682.1713667304999,658.2746717305,297.00840607659995,296.7619140766,887.7094217305,680.6686217304999,721.0902167305,537.0505217305,360.1269617305,541.0672217305,829.6576217305,726.6670217305,669.5247167304999,586.4720717304999,536.5908467305001,582.7429217305,614.3167217304999,429.59956673049993,685.1804717305,562.0791467305,608.5032467305,547.9885967304999,506.1687917305,577.2156167305,682.5374417305,360.1269617305,596.3313167304999,642.9357167305,606.2398667304999,631.2950417305,449.21577173049997,410.53578173049993,665.1993917304999,668.4030167305,605.5036967305,591.2468717305,214.1026112175,450.09339173049995,622.4140667304999,576.9295967305,726.6685967304999,452.9420717305,535.3934417305,577.9944467304999,703.3231217305,631.2950417305,429.11532173049994,214.1026112175,599.8650467305,591.2468717305,577.5592967305,501.38899673049997,611.4929417305,547.9530167304999,696.2942717305,668.3109467305,634.6894217304999,648.1158467305,584.1550667305,687.0516167305,667.7527217305,506.1687917305,641.6773667305,614.9632667305,615.2141417304999,560.2975967305,520.2634967305,428.32659173049996
10253.0,756.2700467305,756.1627217305,341.05636673050003,629.7760967305,703.1364167305,343.8202860766,666.9306167305,570.0907667304999,624.2474417305,339.27663173049996,740.3427467304999,682.9447217305,763.2930467305,739.3963667305,329.50893173049997,335.5598567305,975.3396467305,765.7018217305,802.2118967304999,624.6807467305,441.2486417304999,628.6974467305,917.2878467305,804.1526717305,757.1548967304999,674.1022667304999,624.2210717305,663.8646167305,695.4383717305,510.7212467305,766.3021967305,643.2008417305,689.6248967304999,629.1102467305,587.2904717305,658.3372967305,763.6591217304999,441.2486417304999,677.4529967305,724.0573967305,687.3615467305,712.4167217305,530.3374217305,491.6574467305,746.3210717305,749.5246967305001,686.6253467305,672.3685217305,313.5203100766,531.2150717305,703.5357467305,658.0512917304999,814.2988217305,534.0637217305,616.5151217305,659.1160967305,784.4447717305,712.4167217305,510.23701673049993,313.5203100766,680.9867417305,672.3685217305,658.6809917305,582.5106917305,692.6146217305,629.0746967304999,777.4159967305001,749.4326717304999,715.8111167304999,729.2375417304999,665.2767467305,768.1732967304999,748.8743717305,587.2904717305,722.7990467305,696.0849467305,696.3358217305,647.9277917305,601.3851917305,509.44827173050004
10254.0,782.0198717304999,781.9126217305001,366.8061917305,655.5259217304999,728.8862417304999,328.9333967305,692.6804417304999,595.8405917304999,649.9972667305,365.02645673049994,766.0925717304999,708.6945467305,789.0428717305,765.1461467305,355.25875673049995,361.30968173049996,1001.0894717305,791.4517217305,827.9617217305,650.4305717305,466.99846673049996,654.4472717305,943.0376717304999,829.9025717305,782.9047217305,699.8520917305,649.9708967304999,689.6144417305,721.1881967305,536.4710717305,792.0520217305,668.9506667305,715.3747217305,654.8600717305,613.0402967305,684.0871217304999,789.4089467304999,466.99846673049996,703.2028217305,749.8072217305,713.1113717305,738.1665467304999,556.0872467304999,517.4072717305,772.0708967305001,775.2745217305,712.3751717304999,698.1183467305,344.42010007659997,556.9648967305,729.2855717304999,683.8011167305,840.0486467305,559.8135467305,642.2649467304999,684.8659217305,810.1946717305,738.1665467304999,535.9868417304999,344.42010007659997,706.7365667304999,698.1183467305,684.4308167304999,608.2605167305,718.3644467304999,654.8245217305,803.1658217305,775.1824967305,741.5608967305,754.9873217305,691.0265717305,793.9231217304999,774.6241967305,613.0402967305,748.5488717305,721.8347717304999,722.0856467304999,673.6776167305,627.1350167305,535.1980967305
10255.0,521.6845967305001,591.6471467305,203.70324897400002,421.86319673049996,495.2235167304999,256.0572000766,459.01771673049996,362.1778667305,367.60540673049996,211.654288974,505.75726673049996,426.3026717305,528.7075667305,504.81087173049997,239.671088974,239.39718897400002,718.6975967305,511.65679673049993,637.6962467305,368.0386967305,362.0098440766,372.0553967305,660.6457967305,557.6551967304999,500.51284673050003,417.46023173049997,367.57902173049996,429.2791217305,529.1578217305,350.3751840766,617.9383967305,391.5705467305,481.7119967305,421.19736173049995,352.8255467305,425.32006673050006,527.2320167304999,362.0098440766,508.2628217305,554.8672217305,479.44864673049995,504.50382173049996,327.16063673049996,356.07783173049995,533.8322717305,537.0358967304999,478.71244673049995,493.10994173049994,264.5830440766,331.8689567305,482.30514173049994,485.4130217305,557.6567717304999,331.3863917305,480.93549173049996,438.98941673049995,617.5825967305,504.50382173049996,353.3029740766,264.5830440766,473.07384173049996,493.10994173049994,481.7649167305,353.9581217305,458.0291417305,480.8403467305,569.5030967304999,536.9438717305,481.2256217305,589.8348917305,457.3638467305,603.6576467305,584.3587667305,352.8255467305,583.3963967305,488.17204673049997,526.9005167304999,391.28575673049994,453.15084173049996,354.5097660766
10256.0,550.4106467305,620.3731967305,171.3670862175,450.5892467305,523.9495667305,234.15362897400001,487.74376673049994,390.9039167305,396.4130117305,181.3058862175,534.4833167305001,455.1102917304999,557.4336167305,533.5369217305,214.6426362175,214.3002612175,747.5052467305,540.4644167305,666.4222967305,396.8463167305,347.0675867305,400.8630167305,689.4534467305,586.4628167305,529.3204967305,446.2678217305,396.3866417305,458.00517173049997,557.8838717305,337.3720367305,646.6644467305,420.3781667305,510.43804673049993,449.9233967305,381.55159673049997,454.0461167305,557.7996917305,347.0675867305,536.9888717305,583.5932717305,508.1746967305,533.2298717305,355.8866867305,384.80389673049996,562.5583217305,565.7619467305,507.4384967305,521.8359917304999,254.3821200766,360.59500673049996,511.0311917304999,514.1390717305001,586.4643917305,360.1124417305,509.66154173049995,467.71546673049994,646.3086467305,533.2298717305,339.81186173049997,254.3821200766,501.79989173049995,521.8359917304999,510.49096673049996,382.6841717305,486.7551917305,509.5663967305,598.2291467305,565.6699217304999,509.9516717305,618.5609417305,486.08989673049996,632.3836967305,613.0848167304999,381.55159673049997,612.1224467305,516.8980967304999,555.6265667304999,420.0933617305,481.87689173049995,340.8175217305
10257.0,550.4106467305,620.3731967305,171.3670862175,450.5892467305,523.9495667305,234.15362897400001,487.74376673049994,390.9039167305,396.4130117305,181.3058862175,534.4833167305001,455.1102917304999,557.4336167305,533.5369217305,214.6426362175,214.3002612175,747.5052467305,540.4644167305,666.4222967305,396.8463167305,347.0675867305,400.8630167305,689.4534467305,586.4628167305,529.3204967305,446.2678217305,396.3866417305,458.00517173049997,557.8838717305,337.3720367305,646.6644467305,420.3781667305,510.43804673049993,449.9233967305,381.55159673049997,454.0461167305,557.7996917305,347.0675867305,536.9888717305,583.5932717305,508.1746967305,533.2298717305,355.8866867305,384.80389673049996,562.5583217305,565.7619467305,507.4384967305,521.8359917304999,254.3821200766,360.59500673049996,511.0311917304999,514.1390717305001,586.4643917305,360.1124417305,509.66154173049995,467.71546673049994,646.3086467305,533.2298717305,339.81186173049997,254.3821200766,501.79989173049995,521.8359917304999,510.49096673049996,382.6841717305,486.7551917305,509.5663967305,598.2291467305,565.6699217304999,509.9516717305,618.5609417305,486.08989673049996,632.3836967305,613.0848167304999,381.55159673049997,612.1224467305,516.8980967304999,555.6265667304999,420.0933617305,481.87689173049995,340.8175217305
10258.0,596.1993167305,647.1853667304999,213.3491862175,496.37794673049996,569.7382667305,158.9880362175,533.5324217304999,436.6925717305,442.20169673050003,210.3829862175,580.2719717305,500.8989467305,603.2222717305,579.3255917305,205.00936897400004,204.735468974,793.2939467305,586.2530717305,693.2344967304999,442.6349717305,332.2712417305,446.65167173049997,735.2421467304999,632.2515167304999,575.1091967304999,492.0565217305,442.17529673049995,503.7938417305,586.4609717305,383.1607217305,657.3247967305,466.1668217305,556.2267467305,495.7120967305,427.34029673050003,499.8347717305,603.5883467305,332.2712417305,582.7775417304999,629.3818967305,553.9633967305,579.0185717305,401.6753717305,382.6800467305,608.3470217305,611.5506167305,553.2271967304999,567.6246467305,185.3637362175,406.3836917305,556.8198467304999,559.9277417305,632.2530467305,405.90111173049996,507.5377217305,513.5041217305,675.4674167305,579.0185717305,385.6005467305,185.3637362175,547.5885917305,567.6246467305,556.2796217304999,428.4728717305,532.5438467305,520.0972967304999,644.0178167304999,611.4585917305,555.7403417305,620.2601417305,531.8785967305,659.1958967305,639.8969717305,427.34029673050003,613.8216467305,562.6867967305,587.3584217304999,465.88204673049995,492.4077917304999,386.6062067305
10259.0,596.1703667305,647.2143167305,213.3974362175,496.34896673049997,569.7092717305,159.03631121749999,533.5034717305,436.6636217305,442.17274673049997,210.4312362175,580.2430217305,500.86999673049996,603.1933217305,579.2966417304999,205.047968974,204.77406897400002,793.2649967305,586.2241217305,693.2634467304999,442.6060217305,332.3002067305,446.62272173049996,735.2131667305,632.2225217305,575.0802167305,492.0275717305,442.1463467305,503.7648917304999,586.4899217305,383.1317717305,657.3537467305,466.13787173049997,556.1977967304999,495.68314673049997,427.3113167305,499.8058217305,603.5593967305,332.3002067305,582.7485917304999,629.3529467305,553.9344167305001,578.9895917304999,401.6464217305,382.7090117305,608.3180717304999,611.5216667305,553.1982467304999,567.5956967305,185.4119862175,406.3547417305,556.7908967305,559.8987917305,632.2240967304999,405.8721467305,507.5666717305,513.4751717304999,675.4963667305,578.9895917304999,385.5715967305,185.4119862175,547.5595967305001,567.5956967305,556.2506717305,428.44389173049996,532.5148967304999,520.1262467305,643.9888217305,611.4296417305,555.7113917304999,620.2890917304999,531.8496167305,659.2248467305,639.9259217304999,427.3113167305,613.8505967305,562.6578167304999,587.3873717304999,465.8530967305,492.4367417305,386.57724173049996
10260.0,363.9904200766,647.0064467305,674.1634667305,442.98219173049995,394.57926173050004,722.2938467304999,427.62612173049996,518.8891667304999,374.88123173049996,680.1267167304999,336.8874167305,354.1750217305,327.8947667305,336.6316967305,696.9994967305,696.7940717304999,256.3683840766,351.3623400766,659.2975667305,410.1085667305,642.8479667304999,369.8521367305,220.4253362175,354.20724173049996,251.4362760766,357.2141580766,374.90761673049997,389.3239217305,589.9758467304999,535.4120717305,676.2484217305,402.11140673049994,407.6576717305,443.18416673049995,456.9653417305,416.86182173049997,325.9573967305,642.8479667304999,578.2959467305,572.9840717305,404.74623173049997,398.7514067305,513.4719917304999,612.2548967304999,388.26888173049997,389.0486417305,416.27079173050004,536.1032717305,729.3987167305,518.8701917305,385.5616067305,547.2932717305,238.093468974,509.4045467305,591.1489217305,413.3370317305,604.3790417304999,398.7514067305,533.3454467305,729.3987167305,409.1868467305,536.1032717305,541.0969217305001,472.06617173049995,369.2745317305,585.1735217304999,473.0130467305,388.9566167305,369.5635217305,675.9850967305,420.75265673049995,659.0169467305,639.7180667304999,456.9653417305,667.7753717305,398.89899173050003,585.5690717304999,355.30501673050003,559.9510967305,539.7523217305
10261.0,363.9904200766,647.0064467305,674.1634667305,442.98219173049995,394.57926173050004,722.2938467304999,427.62612173049996,518.8891667304999,374.88123173049996,680.1267167304999,336.8874167305,354.1750217305,327.8947667305,336.6316967305,696.9994967305,696.7940717304999,256.3683840766,351.3623400766,659.2975667305,410.1085667305,642.8479667304999,369.8521367305,220.4253362175,354.20724173049996,251.4362760766,357.2141580766,374.90761673049997,389.3239217305,589.9758467304999,535.4120717305,676.2484217305,402.11140673049994,407.6576717305,443.18416673049995,456.9653417305,416.86182173049997,325.9573967305,642.8479667304999,578.2959467305,572.9840717305,404.74623173049997,398.7514067305,513.4719917304999,612.2548967304999,388.26888173049997,389.0486417305,416.27079173050004,536.1032717305,729.3987167305,518.8701917305,385.5616067305,547.2932717305,238.093468974,509.4045467305,591.1489217305,413.3370317305,604.3790417304999,398.7514067305,533.3454467305,729.3987167305,409.1868467305,536.1032717305,541.0969217305001,472.06617173049995,369.2745317305,585.1735217304999,473.0130467305,388.9566167305,369.5635217305,675.9850967305,420.75265673049995,659.0169467305,639.7180667304999,456.9653417305,667.7753717305,398.89899173050003,585.5690717304999,355.30501673050003,559.9510967305,539.7523217305
10262.0,270.3189780766,433.66906673049994,454.4262167304999,239.313508974,259.4495700766,502.5565967305,246.3704100766,282.48307207659997,167.3689862175,460.3894667304999,254.8377900766,193.7373112175,278.7465420766,252.8760780766,477.26224673049995,477.05682173049996,507.25876673049993,270.7027380766,479.7181967305,154.4799612175,374.6411417305,168.6787862175,449.20699673049995,327.7781460766,350.16996607659996,254.7881460766,167.41298621750002,197.8803612175,371.17977173049997,300.6463140766,457.38376673049993,156.2205362175,256.45257007659995,238.948128974,225.784428974,206.386788974,279.1858500766,374.6411417305,350.43973673050004,395.1387917305,252.95882407659997,275.02288207659996,274.31820007659996,344.0480717305,305.5118760766,309.35622607659997,256.9341780766,362.0190240766,509.66146673049997,280.7960400766,243.67930207659998,367.7512500766,349.5533940766,269.4372840766,357.59194673049996,224.612568974,436.9253717305,275.02288207659996,298.1663640766,509.66146673049997,245.6461440766,362.0190240766,356.8803300766,238.479148974,203.51370897400002,351.6165467305,336.8251217305,309.24577807659995,235.00454407659998,442.73457173049997,247.395428974,445.67959673049995,426.3806717305,225.784428974,436.29609173049994,252.6076800766,369.07743173049994,186.6789612175,326.39412173049993,305.8546500766
10263.0,215.4515362175,476.8886717305,525.5172467305,299.30839207659994,245.27802607659999,573.6475967305,284.93424007659996,341.9972867305,247.090308974,531.4804967305,219.3532362175,202.354788974,203.646628974,218.9270612175,548.3532467304999,548.1478667305,404.03110673049997,197.7012862175,486.5020967305,266.8606560766,465.4390217305,240.384868974,345.97930673049996,239.49226897399998,277.13084407659994,247.7467980766,247.12550897399998,249.90938897400002,419.8580717305,358.0031417305,506.1306917304999,249.6429720766,260.9721180766,299.5507260766,323.0888040766,267.9639480766,223.6599862175,465.4390217305,408.1781867305,402.8663117305,257.47837207659995,254.3603760766,336.0630467305,434.8459667304999,249.8238900766,250.7596200766,271.30784407659996,365.98551173050004,580.7524967305001,341.46124673049997,249.396468974,377.1755417305,239.96640897400002,331.99563173049995,414.2570417305,263.73418207659995,431.0224967305,254.3603760766,355.9365167305,580.7524967305001,262.8071100766,365.98551173050004,367.8049667305,333.58870807659997,223.176868974,408.28167173049997,348.30570607659996,250.64917207659997,227.19194897399998,499.39969673049995,272.63295007659997,488.8992167305,469.60032173049996,323.0888040766,492.9611717305,250.4616840766,415.45129673049996,220.988688974,383.0592467305,362.34340673049996
10264.0,174.2878112175,469.75924673049997,553.8845417304999,299.7182520766,240.79852807659998,602.0149667305,280.4547240766,342.3388367305,266.4220140766,559.8478217305001,199.4003862175,221.054108974,187.77883621750001,198.9742112175,576.7206167305,576.5151917305,404.27433173049997,156.7488112175,482.0503967305,285.4389780766,475.9010417304999,260.3871180766,346.22254673049997,205.306348974,298.1866500766,281.78753407659997,266.45369407659996,241.60523407659997,412.7286467305,368.46516173050003,499.0012667305,260.3522340766,256.4926200766,299.9605860766,336.6553140766,271.4506560766,184.5498612175,475.9010417304999,401.0487617305,395.73688673050003,252.99887407659998,245.80506607659999,346.5250667305,445.30797173049996,248.028948974,249.068628974,266.8283280766,358.8560867305,609.1198217305,351.9232667305,244.419248974,370.0461167305,236.087848974,342.4576367305,414.5985917305,264.14404207659993,427.1318717305,245.80506607659999,366.39852173049997,609.1198217305,258.32761207659996,358.8560867305,363.8497217305,346.1431140766,230.606648974,408.62322173049995,334.9190700766,248.945928974,223.08844897400002,498.7378967305,273.04281007659995,481.76979173049995,462.4708967305,336.6553140766,490.5281717305,245.9821860766,408.32187173049994,242.9305380766,383.4007967305,372.8054417305
10265.0,174.23026121750001,469.72471673049995,553.8499967304999,299.67681607659995,240.75707407659996,601.9804217305,280.4132880766,342.30432173049996,266.3805780766,559.8132917304999,199.3428362175,221.008048974,187.7212862175,198.9166362175,576.6860717305,576.4806467305,404.2397867305,156.6912612175,482.0158667304999,285.39754207659996,475.8664967305,260.3456640766,346.1880167305,205.260288974,298.1451960766,281.7460800766,266.4122400766,241.5637980766,412.6941167305,368.4306467305,498.96672173049996,260.3107980766,256.4511660766,299.9191500766,336.6138960766,271.4092380766,184.4923112175,475.8664967305,401.0142467305,395.7023717305,252.95742007660002,245.7636300766,346.49053673049997,445.2734717305,247.982908974,249.022588974,266.7868920766,358.82157173049995,609.0852917304999,351.8887367305,244.37318897400002,370.0115717305,236.041808974,342.4231217305,414.56404673049997,264.10260607659995,427.0973417305,245.7636300766,366.36400673049997,609.0852917304999,258.2861580766,358.82157173049995,363.8151917305,346.1016960766,230.560588974,408.5886917305,334.8776340766,248.89988897400002,223.042408974,498.7033967305,273.0013560766,481.73524673049997,462.43636673049997,336.6138960766,490.4936417305,245.94075007659998,408.2873417305,242.88910207659998,383.3662667305,372.7708967305
10266.0,174.11496121750002,469.65552173049997,553.7808167305,299.5938000766,240.67405807659998,601.9112417305,280.3302540766,342.2351417305,266.2975620766,559.7440967305,199.22753621750002,220.91580897400002,187.6059862175,198.80133621750002,576.6168917304999,576.4114667304999,404.17060673049997,156.5759612175,481.9466717305,285.3145260766,475.7973467305,260.2626480766,346.1188217305,205.168048974,298.0621800766,281.6630640766,266.3292240766,241.48078207659998,412.62492173050003,368.36146673049996,498.89754173049994,260.2277640766,256.3681500766,299.83613407660005,336.5308800766,271.3262040766,184.3770112175,475.7973467305,400.9450667305,395.63319173049996,252.8744040766,245.6806140766,346.42135673049995,445.20424673049996,247.890668974,248.930348974,266.7038580766,358.7523917305,609.0160967305001,351.8195567304999,244.28094897399998,369.9423917305,235.949568974,342.35394173049997,414.4948667305,264.0195900766,427.0281467305,245.6806140766,366.2948117305,609.0160967305001,258.2031420766,358.7523917305,363.7459967305,346.01868007660005,230.468348974,408.51949673049995,334.79461807659993,248.807648974,222.950168974,498.6342167305,272.9183400766,481.66606673049995,462.3671717305,336.5308800766,490.42444673049994,245.85771607659998,408.2181467305,242.8060860766,383.29707173049997,372.7017167305
10267.0,174.0574362175,469.6210217305,553.7463167305,299.55240007659995,240.6326580766,601.8767417304999,280.2888540766,342.2006417305,266.2561440766,559.7095967304999,199.1700362175,220.869808974,187.5484612175,198.74383621750002,576.5823917304999,576.3769667304999,404.1361067305,156.51843621749998,481.9121717305,285.2731080766,475.76284673050003,260.2212480766,346.08432173049994,205.122048974,298.0207800766,281.6216640766,266.28782407660003,241.4393640766,412.5904217305,368.3269667305,498.8630417304999,260.18636407659994,256.3267500766,299.7947340766,336.4894800766,271.2848040766,184.3194862175,475.76284673050003,400.9105667305,395.5986917305,252.8330040766,245.63921407659998,346.38685673049997,445.1697467305,247.844648974,248.884328974,266.6624580766,358.7178917305,608.9815967305,351.78505673049995,244.234948974,369.9078917305,235.903548974,342.3194417305,414.4603667305,263.9781900766,426.99364673049996,245.63921407659998,366.2603117305,608.9815967305,258.1617420766,358.7178917305,363.71149673049996,345.9772800766,230.422348974,408.4849967305,334.7532180766,248.761628974,222.904168974,498.59971673049995,272.8769400766,481.63156673049997,462.33267173049995,336.4894800766,490.38994673049996,245.8163160766,408.18364673049996,242.76466807659997,383.2625717305,372.6672167305
10268.0,173.9999112175,469.58652173049995,553.7117717305,299.5109640766,240.5912400766,601.8421967305001,280.2474360766,342.1660967305,266.21472607659996,559.6750667305,199.11248621750002,220.823788974,187.4909362175,198.6862862175,576.5478467304999,576.3424217305,404.1015917305,156.4609112175,481.87764173049993,285.2316900766,475.72831673049996,260.17983007659996,346.0498067305,205.076008974,297.9793440766,281.5802280766,266.2463880766,241.3979460766,412.5559217305,368.2924217305,498.8285417304999,260.1449460766,256.2853140766,299.7532980766,336.4480440766,271.2433860766,184.26196121750002,475.72831673049996,400.8760217305,395.5641467305,252.7915680766,245.59777807659998,346.3523417305,445.1352467305,247.798628974,248.838308974,266.6210400766,358.6833467305,608.9470667305,351.7505417305,244.188908974,369.8733917305,235.85752897400002,342.28491173049997,414.4258667305,263.9367540766,426.9591167305,245.59777807659998,366.2257967305,608.9470667305,258.1203240766,358.6833467305,363.6769967305,345.9358440766,230.376308974,408.4504967305,334.7118000766,248.715608974,222.858148974,498.5651717305,272.8355040766,481.59706673049993,462.2981417305,336.4480440766,490.3554467305,245.7748980766,408.1491467305,242.72325007659998,383.22807173049995,372.6326867305
10269.0,173.94241121750002,469.5520217305,553.6772717305,299.4695640766,240.5498400766,601.8076967305,280.20603607659996,342.13159673049995,266.17334407659996,559.6405667304999,199.05498621750002,220.77778897400003,187.4334362175,198.62881121750002,576.5133467305,576.3079217305,404.0670917305,156.4034112175,481.8431717305,285.1903080766,475.6938167304999,260.1384300766,346.01530673049996,205.030028974,297.9379620766,281.53884607659995,266.2050060766,241.3565640766,412.5214217305,368.25792173049996,498.7940417305,260.10354607659997,256.24391407659994,299.71189807660005,336.4066440766,271.20198607659995,184.2044862175,475.6938167304999,400.84152173049995,395.52964673049996,252.75016807659998,245.5563780766,346.3178417305,445.10074673049996,247.75264897399998,248.79232897400001,266.57964007659996,358.6488467305,608.9125667305,351.7160417305,244.142908974,369.8388917305,235.811528974,342.2504117305,414.3913667305,263.8953540766,426.9246467305,245.5563780766,366.19129673049997,608.9125667305,258.07892407659995,358.6488467305,363.6424967305,345.89444407660005,230.330328974,408.41599673049996,334.6704000766,248.669608974,222.81214897399997,498.5306717305,272.7941040766,481.56256673049995,462.26364173049996,336.4066440766,490.32094673049994,245.7334980766,408.11464673049994,242.6818680766,383.19357173049997,372.5981867305
10270.0,175.9950362175,468.6619967305,553.8032717305,298.4015700766,239.4818280766,601.9336967305,279.1380240766,341.24161673049997,266.3245260766,559.7665667305,197.5716612175,220.94576897399998,188.8218862175,197.1454612175,576.6393467304999,576.4339217305001,404.1930917305,158.2447612175,480.9531467305,285.3414900766,472.87812173049997,260.2896300766,346.14129173050003,206.140788974,298.0891440766,281.6900280766,266.3561880766,237.9777480766,411.6313967305,365.4422417305,497.90401673049996,256.7247480766,255.1759200766,298.6439040766,333.0278280766,270.1339740766,184.2034612175,472.87812173049997,399.95154173049997,394.6396667305,251.68217407659998,244.48838407659997,343.5021467305,442.2850667305,246.565968974,247.605648974,265.5116280766,357.75886673049996,609.0385667305,348.90034673049996,242.95624897399998,368.9488667305,235.97952897399998,339.43473173049995,413.5013417305,262.82736007660003,426.03462173049996,244.48838407659997,363.3756167305,609.0385667305,257.0109120766,357.75886673049996,362.75247173049996,342.5156280766,225.96154897399998,407.5259717305,333.6023880766,247.48294897399998,221.625468974,497.64069173049995,271.7261100766,480.6725417304999,461.37364673049996,333.0278280766,489.4309217305,244.6654860766,407.22462173049996,242.8330500766,382.3035467305,369.78250673049996
10271.0,174.1726612175,469.6901717305,553.8154217305,299.6353440766,240.71562007659998,601.9458467305,280.3718160766,342.26974673049995,266.3391240766,559.7787167305,199.2852362175,220.961988974,187.66368621750001,198.8590612175,576.6514967305,576.4460717305,404.2052417305,156.6336612175,481.9813217305,285.35608807660003,475.83196673049997,260.3042100766,346.1534567305,205.214228974,298.1037420766,281.7046260766,266.3707860766,241.52234407659998,412.6595717305,368.3960717305,498.93219173049994,260.2693260766,256.4096940766,299.8776780766,336.5724240766,271.3677660766,184.43473621750002,475.83196673049997,400.9796717305,395.6677967305,252.9159480766,245.72215807659998,346.4559917305,445.2388967305,247.936828974,248.97650897399998,266.7454200766,358.7869967305,609.0507167305,351.8541917305,244.327108974,369.9770417305,235.995728974,342.3885617305,414.5295167305,264.06113407659996,427.06279673049994,245.72215807659998,366.32944673049997,609.0507167305,258.2447040766,358.7869967305,363.7806467305,346.0602240766,230.514528974,408.5541467305,334.83618007660004,248.853808974,222.996348974,498.6688217305,272.95988407659996,481.7007167305,462.40179173049995,336.5724240766,490.4590967305,245.89927807659998,408.2527967305,242.8476480766,383.33172173049996,372.7363367305
10272.0,577.1064167305,647.0689217304999,159.826777948,477.28504673049997,550.6453667305,207.955548974,514.4395217305,417.59968673049997,426.6550217305,148.5582862175,561.1790717305,485.3522717305,584.1293717305,560.2326917304999,181.8950362175,181.5526612175,777.7471967304999,570.7063967305,693.1180967304999,427.08829673049996,373.76337173049995,431.1049967305,719.6954417305,616.7047967305,559.5624917304999,476.5098467305,426.62862173049996,484.70094173049995,584.5796717305,364.0678217305,673.3601717304999,450.62014673050004,537.1338467305,476.6191967305,408.24738173049997,480.7418717305,586.2816167305,373.76337173049995,563.6846417305,610.2889967305,534.8704967305,559.9256717305,382.5824717305,411.49968173049996,589.2541217305,592.4577167304999,534.1342967305,548.5317467304999,245.337588974,387.29079173049996,537.7269467305,540.8348417305,616.7063717305,386.80821173050003,536.3572967304999,494.41122173049996,673.0043717305,559.9256717305,366.50764673049997,245.337588974,528.4956917305,548.5317467304999,537.1867217305,409.37995673049994,513.4509467304999,536.2621967304999,624.9249167305,592.3656917305,536.6474417305,645.2566967304999,512.7856967304999,659.0794967305,639.7805717304999,408.24738173049997,638.8182467305,543.5938967305,582.3223217305,450.33537173049996,508.5726467305,367.51330673049995
Atmosphere,105,105,105,105,105,105,105,105,105,105,105,105,105,105,105,105,105,105,105,105,105,105,105,105,105,105,105,105,105,105,105,105,105,105,105,105,105,105,105,105,105,105,105,105,105,105,105,105,105,105,105,105,105,105,105,105,105,105,105,105,105,105,105,105,105,105,105,105,105,105,105,105,105,105,105,105,105,105,105,105
